insert into client (id, full_name, phone, email, passport) values ('7bb34909-d621-4140-9338-b61dd1909104', 'Vicki Playfoot', '+7 (673) 540-30-91', 'vplayfoot0@oakley.com', '93 17 244 257');
insert into client (id, full_name, phone, email, passport) values ('f0ca026e-b0dc-4c74-a76a-4185ef7bc98a', 'Ike Olkowicz', '+7 (436) 961-87-04', 'iolkowicz1@columbia.edu', '90 49 335 631');
insert into client (id, full_name, phone, email, passport) values ('159879d4-d871-484e-b1c9-ccc0a5d6ccac', 'Dyna Shave', '+7 (993) 033-24-24', 'dshave2@diigo.com', '46 49 838 839');
insert into client (id, full_name, phone, email, passport) values ('9ce7f5f9-308a-4938-b3f5-d6423a1b583e', 'Dorree OLunney', '+7 (163) 102-43-34', 'dolunney3@cdc.gov', '00 59 776 270');
insert into client (id, full_name, phone, email, passport) values ('a7227b34-c8d0-4c8d-8c4c-74a89809cfb3', 'Brig Ciani', '+7 (529) 166-33-45', 'bciani4@spiegel.de', '28 88 462 453');
insert into client (id, full_name, phone, email, passport) values ('66d38bae-2bd3-47b9-8240-17ad6bea8748', 'Sofia Ballentime', '+7 (252) 223-48-59', 'sballentime5@google.es', '39 46 246 686');
insert into client (id, full_name, phone, email, passport) values ('d73ff1ea-1275-4e7c-ba98-0430f697d569', 'Fair Cordaroy', '+7 (277) 323-70-18', 'fcordaroy6@ox.ac.uk', '08 16 445 092');
insert into client (id, full_name, phone, email, passport) values ('5d5091ef-4f83-42d0-a2d5-24604e5b499f', 'Rochette Sancroft', '+7 (134) 328-53-44', 'rsancroft7@vistaprint.com', '07 83 750 014');
insert into client (id, full_name, phone, email, passport) values ('cc840283-2a41-4998-9503-7c09122ae774', 'Jori Moehler', '+7 (988) 956-86-88', 'jmoehler8@boston.com', '36 41 515 409');
insert into client (id, full_name, phone, email, passport) values ('85febc47-2db4-4d98-9e76-75d39c1a604f', 'Amber Ronchi', '+7 (938) 133-62-87', 'aronchi9@360.cn', '86 41 385 734');
insert into client (id, full_name, phone, email, passport) values ('f858eea1-c2cd-408f-a1d0-42462ad749df', 'Ebeneser Keogh', '+7 (905) 364-10-78', 'ekeogha@dot.gov', '14 57 215 786');
insert into client (id, full_name, phone, email, passport) values ('79a1d978-67c1-4a2a-a831-03c7f2ed2d31', 'Marney Trevallion', '+7 (861) 024-74-77', 'mtrevallionb@networkadvertising.org', '31 94 390 110');
insert into client (id, full_name, phone, email, passport) values ('8fa28c55-d672-4239-a291-cbb031b2cce9', 'Isa Mirams', '+7 (791) 258-78-38', 'imiramsc@adobe.com', '75 11 081 691');
insert into client (id, full_name, phone, email, passport) values ('aefade59-34d0-475a-b99e-0d816281ae14', 'Bab McClements', '+7 (280) 350-19-81', 'bmcclementsd@cyberchimps.com', '29 18 314 529');
insert into client (id, full_name, phone, email, passport) values ('ccd0972a-5529-4a83-8b48-1e51add88069', 'Stewart Haskell', '+7 (019) 833-81-45', 'shaskelle@youku.com', '20 07 188 477');
insert into client (id, full_name, phone, email, passport) values ('be1b7883-c45b-4986-941b-7932487009d9', 'Katherine Kesteven', '+7 (439) 680-37-27', 'kkestevenf@thetimes.co.uk', '71 25 964 110');
insert into client (id, full_name, phone, email, passport) values ('1006a216-e4ff-4d77-8438-43a9b0fd65ba', 'Garret Bonhill', '+7 (870) 388-38-84', 'gbonhillg@pinterest.com', '77 87 338 497');
insert into client (id, full_name, phone, email, passport) values ('f88dd238-e5d7-4664-93af-0e3ea5bc8a08', 'Selby Garret', '+7 (154) 506-46-52', 'sgarreth@angelfire.com', '15 42 724 197');
insert into client (id, full_name, phone, email, passport) values ('9a17d4a0-ca7f-4b47-a45f-5dbb15418b89', 'Guinevere Epton', '+7 (911) 624-16-64', 'geptoni@e-recht24.de', '47 65 121 564');
insert into client (id, full_name, phone, email, passport) values ('fc37d367-8e75-4fae-ab4a-0ed55b2609fd', 'Ashlin Batram', '+7 (319) 492-16-17', 'abatramj@geocities.jp', '39 25 493 671');
insert into client (id, full_name, phone, email, passport) values ('a9c15a31-c84e-4298-96d3-cdd6709040b0', 'Teddy Edmund', '+7 (515) 827-14-83', 'tedmundk@over-blog.com', '04 85 574 054');
insert into client (id, full_name, phone, email, passport) values ('183727f3-d6c2-4354-a67c-dae9453bf2ac', 'Jasmine Lowre', '+7 (399) 657-70-32', 'jlowrel@ustream.tv', '86 87 946 648');
insert into client (id, full_name, phone, email, passport) values ('5f821401-c6bb-4157-871e-b9edf63f8fe6', 'Sunshine McPhilip', '+7 (166) 796-12-93', 'smcphilipm@biglobe.ne.jp', '02 66 766 745');
insert into client (id, full_name, phone, email, passport) values ('d8a1aebd-ccb8-4f08-a40b-92ba41abed05', 'Clarissa Kopta', '+7 (160) 053-26-15', 'ckoptan@weibo.com', '15 82 784 544');
insert into client (id, full_name, phone, email, passport) values ('00c7123f-6832-484c-b797-1214eaf18d26', 'Nev Wealthall', '+7 (201) 036-62-68', 'nwealthallo@nymag.com', '65 28 482 925');
insert into client (id, full_name, phone, email, passport) values ('ddf41d11-29e9-43d3-8a8a-84bcfa93eb4c', 'Judye Armfield', '+7 (748) 495-48-81', 'jarmfieldp@multiply.com', '55 67 826 073');
insert into client (id, full_name, phone, email, passport) values ('4733df48-a05e-470d-a17b-79fed341133c', 'Corny Ixor', '+7 (073) 946-98-35', 'cixorq@istockphoto.com', '43 42 073 617');
insert into client (id, full_name, phone, email, passport) values ('e5d30cc9-b2f4-4941-b9e9-65d4c5569b60', 'Heath Syvret', '+7 (292) 773-61-48', 'hsyvretr@timesonline.co.uk', '72 00 259 834');
insert into client (id, full_name, phone, email, passport) values ('fecf9d4c-9001-4f8c-b70f-429e288e52b4', 'Lee Ayre', '+7 (994) 927-04-97', 'layres@bbc.co.uk', '16 37 492 294');
insert into client (id, full_name, phone, email, passport) values ('edcde567-fe78-40a0-8c38-690ee8fe99f4', 'Mandie Crilly', '+7 (974) 262-48-99', 'mcrillyt@shareasale.com', '77 61 183 475');
insert into client (id, full_name, phone, email, passport) values ('d38c70b3-4136-4a6b-bc87-4af183611bc9', 'Tye OHegertie', '+7 (826) 184-14-88', 'tohegertieu@ebay.co.uk', '51 96 815 972');
insert into client (id, full_name, phone, email, passport) values ('23eb37cf-400c-4054-94a6-5d7f196ed3d2', 'Josepha Coverley', '+7 (360) 510-63-59', 'jcoverleyv@imdb.com', '19 54 643 888');
insert into client (id, full_name, phone, email, passport) values ('40c9e32d-3f81-495f-b662-a5fa7239a509', 'Harli Furlow', '+7 (968) 108-36-02', 'hfurloww@accuweather.com', '44 64 467 796');
insert into client (id, full_name, phone, email, passport) values ('bad475d6-82e6-4fb6-ab92-8610d786d617', 'Luis Henzer', '+7 (244) 288-94-16', 'lhenzerx@psu.edu', '62 29 396 618');
insert into client (id, full_name, phone, email, passport) values ('52b9284f-0855-485d-af34-c5d32c4f0f08', 'Celina Prichard', '+7 (097) 865-37-43', 'cprichardy@businessweek.com', '26 38 381 252');
insert into client (id, full_name, phone, email, passport) values ('87aa1b0d-6388-4e72-adc2-90dd4a95afc5', 'Annabal Overell', '+7 (104) 942-40-25', 'aoverellz@cargocollective.com', '62 70 200 738');
insert into client (id, full_name, phone, email, passport) values ('6dd7254a-263d-4739-aa8c-a0a17bc04d20', 'Jonathan Goolden', '+7 (027) 618-29-56', 'jgoolden10@pinterest.com', '93 34 539 092');
insert into client (id, full_name, phone, email, passport) values ('f43a7f2c-9067-47b9-a1b2-4793e3962f30', 'Wakefield Camilio', '+7 (514) 510-53-80', 'wcamilio11@google.de', '84 38 874 567');
insert into client (id, full_name, phone, email, passport) values ('35d5472d-39f3-4a3e-adf6-ce089c9f7971', 'Holt Tilbury', '+7 (909) 605-68-67', 'htilbury12@sogou.com', '98 17 931 766');
insert into client (id, full_name, phone, email, passport) values ('65b919a5-fb03-43bc-ba33-85be1370829b', 'Joyce Millea', '+7 (547) 669-36-30', 'jmillea13@webs.com', '93 19 571 536');
insert into client (id, full_name, phone, email, passport) values ('4ce3fa8d-8af7-432d-a5a1-ec3325274616', 'Marlo Blenkensop', '+7 (709) 930-82-11', 'mblenkensop14@census.gov', '83 18 720 879');
insert into client (id, full_name, phone, email, passport) values ('95e1e783-ada3-4f7d-8d9d-fa77bc9aa6ea', 'Dewitt Downie', '+7 (111) 091-67-86', 'ddownie15@icq.com', '74 05 611 104');
insert into client (id, full_name, phone, email, passport) values ('bd9da7ba-faf9-43f3-8290-82c444039968', 'Dennis Bryer', '+7 (256) 678-31-62', 'dbryer16@symantec.com', '08 83 443 510');
insert into client (id, full_name, phone, email, passport) values ('15936b92-523a-468b-98e3-7605b591cc6d', 'Vale Hollows', '+7 (428) 715-46-95', 'vhollows17@gnu.org', '36 34 450 211');
insert into client (id, full_name, phone, email, passport) values ('b0c61bc3-909a-4f33-973f-f260f5584692', 'Brian Knappett', '+7 (501) 649-25-70', 'bknappett18@hp.com', '13 87 066 490');
insert into client (id, full_name, phone, email, passport) values ('d4b56b7e-4bc3-4664-baaa-c97f78d5b26a', 'Waylan OHengerty', '+7 (443) 933-71-53', 'wohengerty19@statcounter.com', '20 42 289 294');
insert into client (id, full_name, phone, email, passport) values ('fb595a66-ed93-48eb-8135-f3138a250fdf', 'Lester Lidgard', '+7 (770) 799-40-68', 'llidgard1a@whitehouse.gov', '51 36 060 536');
insert into client (id, full_name, phone, email, passport) values ('223eadd2-1856-428f-b786-4fe0617c4652', 'Duncan Lope', '+7 (964) 372-16-84', 'dlope1b@tumblr.com', '00 12 033 112');
insert into client (id, full_name, phone, email, passport) values ('c32c28a4-dace-46b2-b89d-273bdb5460eb', 'Mayor Epsly', '+7 (529) 897-31-17', 'mepsly1c@sakura.ne.jp', '37 45 902 659');
insert into client (id, full_name, phone, email, passport) values ('304231da-0eed-4d74-ab15-b88719b36508', 'Alasteir Preto', '+7 (435) 441-33-12', 'apreto1d@51.la', '82 06 470 204');
insert into client (id, full_name, phone, email, passport) values ('7df4400e-5c2e-4736-8f8a-a8c760f50514', 'Eilis Storrier', '+7 (313) 049-16-29', 'estorrier1e@dedecms.com', '21 93 899 463');
insert into client (id, full_name, phone, email, passport) values ('fe461f30-b0e8-45ec-8196-cf850a2f4b2f', 'Bucky Weigh', '+7 (632) 442-95-82', 'bweigh1f@nsw.gov.au', '64 61 713 624');
insert into client (id, full_name, phone, email, passport) values ('3cbcfc35-895a-4fef-a3b4-7193c0004140', 'Zelma McGragh', '+7 (489) 613-30-45', 'zmcgragh1g@hexun.com', '72 99 746 102');
insert into client (id, full_name, phone, email, passport) values ('cb6bea77-a521-4315-89a3-641a32902f99', 'Raimund Peltz', '+7 (035) 135-32-13', 'rpeltz1h@exblog.jp', '32 54 000 603');
insert into client (id, full_name, phone, email, passport) values ('0ed38013-35cc-45b6-834c-52b89905f3b1', 'Arthur Cloonan', '+7 (020) 740-10-23', 'acloonan1i@fastcompany.com', '40 98 526 008');
insert into client (id, full_name, phone, email, passport) values ('abb4a8e0-e359-4775-a6d5-7312bb4ad0f3', 'Angelika Yantsurev', '+7 (317) 974-60-10', 'ayantsurev1j@ft.com', '68 67 477 353');
insert into client (id, full_name, phone, email, passport) values ('5fa95e06-8351-4d25-9343-2fd3084acf2d', 'Shae Bracer', '+7 (689) 338-98-70', 'sbracer1k@issuu.com', '61 84 819 117');
insert into client (id, full_name, phone, email, passport) values ('b4aed536-7def-450c-9635-ced4672bec77', 'Lurleen Wroath', '+7 (788) 767-89-41', 'lwroath1l@google.com.au', '64 89 653 073');
insert into client (id, full_name, phone, email, passport) values ('45ed3866-ce34-4c1e-89fd-6abe184c3005', 'Kathleen Doyle', '+7 (706) 553-23-90', 'kdoyle1m@newsvine.com', '23 51 423 523');
insert into client (id, full_name, phone, email, passport) values ('06628cc8-f3f1-4cc5-9e49-3b71b8d1d2cf', 'Sampson Whittall', '+7 (842) 977-09-33', 'swhittall1n@cdbaby.com', '50 52 249 944');
insert into client (id, full_name, phone, email, passport) values ('87ba885f-0b34-4c24-b874-2a27c5837b76', 'Mirilla Stockney', '+7 (152) 463-21-90', 'mstockney1o@artisteer.com', '80 46 393 992');
insert into client (id, full_name, phone, email, passport) values ('a2a69d73-ce93-44aa-8a96-4e66541ef74e', 'Morey Bourdis', '+7 (741) 477-88-94', 'mbourdis1p@vk.com', '84 14 579 817');
insert into client (id, full_name, phone, email, passport) values ('b672c256-07e9-44ca-b7d2-2eb95755508f', 'Orlan Lawly', '+7 (223) 459-94-22', 'olawly1q@constantcontact.com', '48 70 471 055');
insert into client (id, full_name, phone, email, passport) values ('cfa1254d-5288-46f6-90da-ec368f9ab8e2', 'Lars Chasmar', '+7 (361) 050-21-03', 'lchasmar1r@example.com', '89 96 736 582');
insert into client (id, full_name, phone, email, passport) values ('e83a1106-705d-4dca-bbe7-8f453017a470', 'Raynell Demanche', '+7 (240) 854-35-44', 'rdemanche1s@free.fr', '59 16 163 523');
insert into client (id, full_name, phone, email, passport) values ('1482b7ee-6da5-48d3-9611-d31c18b27525', 'Sondra Stodit', '+7 (418) 181-42-71', 'sstodit1t@soup.io', '14 02 637 838');
insert into client (id, full_name, phone, email, passport) values ('d6896b31-0007-4a58-825a-649f45c6f123', 'Averil Corden', '+7 (693) 594-76-85', 'acorden1u@guardian.co.uk', '09 04 669 577');
insert into client (id, full_name, phone, email, passport) values ('523a0ba9-0d07-49ea-8831-df8ff3c2524c', 'Amber Dunsmuir', '+7 (314) 193-84-01', 'adunsmuir1v@instagram.com', '13 21 406 654');
insert into client (id, full_name, phone, email, passport) values ('47683a8e-5e42-46a0-854b-d47ecfe2cca4', 'Daniella Semkins', '+7 (766) 662-88-52', 'dsemkins1w@ezinearticles.com', '99 65 933 606');
insert into client (id, full_name, phone, email, passport) values ('54ddf26b-dbde-4917-884a-c2387f7d3316', 'Teresita Cousins', '+7 (409) 794-33-48', 'tcousins1x@berkeley.edu', '60 13 058 836');
insert into client (id, full_name, phone, email, passport) values ('29439cd9-54a3-417e-8db4-aa3322a97629', 'Teriann Hurd', '+7 (503) 965-43-47', 'thurd1y@moonfruit.com', '18 72 109 976');
insert into client (id, full_name, phone, email, passport) values ('e74cda3e-ada4-4a96-8b4d-63bc846fa8ea', 'Berget MacTrustey', '+7 (597) 839-52-77', 'bmactrustey1z@purevolume.com', '14 77 512 903');
insert into client (id, full_name, phone, email, passport) values ('7f472593-dd98-490e-b67a-b13f2b727696', 'Dulcia McArdle', '+7 (334) 802-46-32', 'dmcardle20@smh.com.au', '34 41 587 242');
insert into client (id, full_name, phone, email, passport) values ('fabb9a1f-9c79-4cf5-b4fb-c6448b5d1821', 'Aaren Forcade', '+7 (243) 741-54-36', 'aforcade21@51.la', '59 23 777 156');
insert into client (id, full_name, phone, email, passport) values ('9f4fe9bd-d163-4a33-b2f0-b4d23684a8f6', 'Seumas Greatbatch', '+7 (229) 851-94-70', 'sgreatbatch22@zdnet.com', '67 12 951 562');
insert into client (id, full_name, phone, email, passport) values ('64b0eae2-a918-4c7d-bd53-c7cc31d36453', 'Moe Dakhov', '+7 (573) 059-45-52', 'mdakhov23@spotify.com', '90 45 867 598');
insert into client (id, full_name, phone, email, passport) values ('2cd4a63e-8353-4b57-bdec-f669a256fed7', 'Hadrian Heater', '+7 (810) 697-03-06', 'hheater24@bbc.co.uk', '57 23 662 000');
insert into client (id, full_name, phone, email, passport) values ('36765363-804a-4278-8bec-85a00a80fc1c', 'Roxanne Demangel', '+7 (348) 252-84-66', 'rdemangel25@is.gd', '56 78 726 938');
insert into client (id, full_name, phone, email, passport) values ('33e61c44-4d90-43b1-b696-9c2681ad5479', 'Gae Stothart', '+7 (282) 875-28-56', 'gstothart26@china.com.cn', '30 06 678 954');
insert into client (id, full_name, phone, email, passport) values ('a7942d05-2544-4907-b9b8-f59e8075d6b6', 'Valeria Dulson', '+7 (302) 928-81-21', 'vdulson27@virginia.edu', '26 61 053 656');
insert into client (id, full_name, phone, email, passport) values ('038bc39a-fec3-4ba1-b12e-85bc1229c235', 'Dorice Maasze', '+7 (246) 659-34-66', 'dmaasze28@imdb.com', '45 38 431 067');
insert into client (id, full_name, phone, email, passport) values ('bf785a88-a963-4505-a7ee-84dfdefc06b7', 'Kendricks Nightingale', '+7 (444) 910-34-14', 'knightingale29@wsj.com', '15 49 609 598');
insert into client (id, full_name, phone, email, passport) values ('4ee37ea6-8c26-4e57-aa21-6c88b754b2f8', 'Vanya Broadley', '+7 (672) 579-46-80', 'vbroadley2a@cloudflare.com', '28 20 892 247');
insert into client (id, full_name, phone, email, passport) values ('c1e82759-a69e-4701-b93b-8131d0baa2bf', 'Catherina Dewsbury', '+7 (294) 789-75-80', 'cdewsbury2b@skyrock.com', '73 23 271 357');
insert into client (id, full_name, phone, email, passport) values ('afa4ce81-a242-4b03-8202-dcc0191b993d', 'Kynthia Lembcke', '+7 (153) 736-63-25', 'klembcke2c@si.edu', '57 36 295 279');
insert into client (id, full_name, phone, email, passport) values ('7728f9de-7681-4acb-97dc-624499a76bd9', 'Walliw De Meyer', '+7 (810) 483-78-80', 'wde2d@goo.gl', '36 08 200 674');
insert into client (id, full_name, phone, email, passport) values ('0d7adafd-e057-458c-bbdb-8ea01b9a03bd', 'Penrod Temblett', '+7 (628) 113-44-80', 'ptemblett2e@about.com', '23 45 376 200');
insert into client (id, full_name, phone, email, passport) values ('82afcaba-0b6f-46c7-8ccd-f4d745d8eeba', 'Eugine Cordero', '+7 (642) 066-30-37', 'ecordero2f@npr.org', '26 72 774 942');
insert into client (id, full_name, phone, email, passport) values ('2fd1d63e-73b6-46f8-90cc-7ec211a153bc', 'Leonore Syder', '+7 (662) 617-37-78', 'lsyder2g@irs.gov', '52 86 370 187');
insert into client (id, full_name, phone, email, passport) values ('1267f418-b6c7-4aea-bb41-033dc0bbda6c', 'Janina Brisco', '+7 (201) 060-92-43', 'jbrisco2h@mtv.com', '78 71 828 121');
insert into client (id, full_name, phone, email, passport) values ('74364ac9-7eff-4dc2-acc3-501f8b75b493', 'Karin Ruddy', '+7 (670) 582-25-92', 'kruddy2i@nhs.uk', '24 07 309 996');
insert into client (id, full_name, phone, email, passport) values ('75d2cc26-b927-4600-8d39-d1b5e4ae98bc', 'Tucky Manners', '+7 (957) 138-70-41', 'tmanners2j@newyorker.com', '57 91 266 920');
insert into client (id, full_name, phone, email, passport) values ('f6f891b9-5844-41c7-9f3d-8a361e1b8a19', 'Nisse Janko', '+7 (208) 259-56-30', 'njanko2k@amazon.de', '48 02 856 116');
insert into client (id, full_name, phone, email, passport) values ('a30c82ab-a2bd-4879-9b4a-5c3cf7164dae', 'Alwin Spowart', '+7 (699) 639-42-95', 'aspowart2l@go.com', '05 61 487 558');
insert into client (id, full_name, phone, email, passport) values ('f1e6caa0-972d-4a78-b1d9-1fe283301c0d', 'Faythe Chadd', '+7 (687) 697-29-59', 'fchadd2m@weibo.com', '40 78 956 172');
insert into client (id, full_name, phone, email, passport) values ('09774715-3302-46b8-8eb9-68e1989c8031', 'Sophie Terren', '+7 (907) 032-31-47', 'sterren2n@mapy.cz', '01 98 768 523');
insert into client (id, full_name, phone, email, passport) values ('2868fc5a-a564-4cc8-af38-0a338f815445', 'Ulla Haswall', '+7 (598) 111-24-24', 'uhaswall2o@mediafire.com', '16 65 517 083');
insert into client (id, full_name, phone, email, passport) values ('895c939e-9183-48a4-9279-eabfae4290b7', 'Aridatha Bartrum', '+7 (999) 779-38-16', 'abartrum2p@feedburner.com', '39 07 855 696');
insert into client (id, full_name, phone, email, passport) values ('ba43e34d-6511-487d-9aff-06c62203ecec', 'Diarmid Rickards', '+7 (490) 126-03-08', 'drickards2q@sciencedaily.com', '35 80 715 247');
insert into client (id, full_name, phone, email, passport) values ('6a7192ab-79f4-4d62-a4a4-c1598f612888', 'Care Demann', '+7 (879) 613-16-26', 'cdemann2r@pcworld.com', '70 52 709 372');
insert into client (id, full_name, phone, email, passport) values ('64bb738c-2ccf-49c4-8c68-830dc60d9784', 'Lulita Clipsham', '+7 (228) 694-10-32', 'lclipsham2s@wsj.com', '52 90 739 222');
insert into client (id, full_name, phone, email, passport) values ('68bc6a5d-e064-4dd3-97e4-126a1d20ed7a', 'Vernen Bradford', '+7 (630) 575-51-26', 'vbradford2t@unc.edu', '77 44 425 253');
insert into client (id, full_name, phone, email, passport) values ('823d410d-efe5-4a87-b82f-0eeed42611ae', 'Bernelle Tracey', '+7 (332) 137-90-47', 'btracey2u@bloglovin.com', '50 84 716 313');
insert into client (id, full_name, phone, email, passport) values ('48beef70-ec8b-4615-b48c-98eda4400805', 'Paule Gibbeson', '+7 (855) 581-92-90', 'pgibbeson2v@acquirethisname.com', '52 28 326 327');
insert into client (id, full_name, phone, email, passport) values ('9cd9cb71-f6a5-4bd9-a072-6fcceb9f8198', 'Shadow Tanner', '+7 (253) 142-67-00', 'stanner2w@goo.gl', '36 25 092 282');
insert into client (id, full_name, phone, email, passport) values ('eafd9a0c-5882-47a1-8847-ed59f8be5225', 'Jenifer Blowfelde', '+7 (738) 666-33-38', 'jblowfelde2x@people.com.cn', '00 33 691 681');
insert into client (id, full_name, phone, email, passport) values ('1bcd23ba-4322-4d09-813c-d28a8d967304', 'Aldous Gooderick', '+7 (491) 426-59-87', 'agooderick2y@youtube.com', '68 94 920 255');
insert into client (id, full_name, phone, email, passport) values ('145aff7e-32ad-4904-9488-bbf422d0cce2', 'Annabelle Farnill', '+7 (158) 629-55-69', 'afarnill2z@imdb.com', '39 12 313 609');
insert into client (id, full_name, phone, email, passport) values ('053cadf6-ba91-4c71-959f-9da1a7debaef', 'Lola Badham', '+7 (601) 991-17-98', 'lbadham30@dmoz.org', '35 32 385 310');
insert into client (id, full_name, phone, email, passport) values ('142739bf-bc11-45a2-89bd-43f8e530e5f0', 'Alene Cheeld', '+7 (560) 897-94-67', 'acheeld31@yellowbook.com', '68 61 001 390');
insert into client (id, full_name, phone, email, passport) values ('37f4a4f4-b59c-4be6-9c48-9b009633fa7f', 'Ezra Greswell', '+7 (854) 215-93-62', 'egreswell32@youku.com', '74 96 023 120');
insert into client (id, full_name, phone, email, passport) values ('6057ad71-fff7-4ba7-b93f-dfe830425c27', 'Kessia Chelam', '+7 (649) 278-82-27', 'kchelam33@arizona.edu', '51 76 697 050');
insert into client (id, full_name, phone, email, passport) values ('71eb95c5-9261-430a-9fb3-820368d0160f', 'Serena Stallebrass', '+7 (349) 723-40-69', 'sstallebrass34@php.net', '37 98 235 016');
insert into client (id, full_name, phone, email, passport) values ('14597429-cb1c-4426-be70-ce71a7cdd1e3', 'Cyb Stalf', '+7 (306) 722-53-52', 'cstalf35@imdb.com', '26 22 302 830');
insert into client (id, full_name, phone, email, passport) values ('c04159ed-6ea9-4c77-9978-022e3d37fbfc', 'Dalston Anthiftle', '+7 (124) 908-29-23', 'danthiftle36@mozilla.org', '46 96 600 194');
insert into client (id, full_name, phone, email, passport) values ('027a85ab-22d5-488d-b3a2-fb79f89f145f', 'Portie Watford', '+7 (340) 914-44-17', 'pwatford37@ted.com', '09 88 815 098');
insert into client (id, full_name, phone, email, passport) values ('a72a6880-376b-45dc-839d-e492b8bed119', 'Wye Dunston', '+7 (439) 262-68-53', 'wdunston38@blog.com', '21 22 124 819');
insert into client (id, full_name, phone, email, passport) values ('248cc11f-0c2c-497c-ad6d-ec4268aaa974', 'Nissie Crouse', '+7 (691) 290-00-37', 'ncrouse39@jugem.jp', '49 10 275 524');
insert into client (id, full_name, phone, email, passport) values ('f48c496f-3da8-4e34-ba9d-9f929cfa4a62', 'Olivero Kennifeck', '+7 (497) 344-72-50', 'okennifeck3a@devhub.com', '11 81 899 949');
insert into client (id, full_name, phone, email, passport) values ('e99853ec-2f85-49de-8269-3d53cfe4024d', 'Kailey Flohard', '+7 (249) 594-00-24', 'kflohard3b@forbes.com', '21 95 717 267');
insert into client (id, full_name, phone, email, passport) values ('f2e5e57a-c866-4394-a201-a192fa460c1b', 'Sanson Carse', '+7 (680) 597-05-76', 'scarse3c@addtoany.com', '53 40 997 364');
insert into client (id, full_name, phone, email, passport) values ('f042c109-b002-4af2-924f-f0339e9c4e2d', 'Tracey Du Plantier', '+7 (498) 492-94-34', 'tdu3d@mediafire.com', '09 42 888 381');
insert into client (id, full_name, phone, email, passport) values ('5ddb17ad-7fd4-4ad3-a007-c06629f249e5', 'Elberta Searchfield', '+7 (461) 201-97-03', 'esearchfield3e@slashdot.org', '34 11 099 947');
insert into client (id, full_name, phone, email, passport) values ('2db94069-6ba0-40da-b734-183ead0600c9', 'Gawain Walthew', '+7 (572) 843-95-23', 'gwalthew3f@wikia.com', '31 73 648 626');
insert into client (id, full_name, phone, email, passport) values ('21609f80-a270-4b55-ad84-6bce0eb93f08', 'Melony Rymour', '+7 (529) 407-80-96', 'mrymour3g@multiply.com', '18 47 996 963');
insert into client (id, full_name, phone, email, passport) values ('cb214f6f-d712-4cd4-9283-5fd52082404e', 'Kath Scripture', '+7 (865) 159-70-49', 'kscripture3h@hc360.com', '27 68 970 671');
insert into client (id, full_name, phone, email, passport) values ('b281615b-0a26-4440-a08f-9455453f3773', 'Desdemona Irnis', '+7 (546) 329-58-00', 'dirnis3i@who.int', '49 64 091 136');
insert into client (id, full_name, phone, email, passport) values ('d29c9569-4e22-450a-b054-a0d5cdeb8345', 'Latia Tolomelli', '+7 (472) 628-54-75', 'ltolomelli3j@amazon.co.uk', '19 90 573 741');
insert into client (id, full_name, phone, email, passport) values ('d37427e6-934c-44c5-82eb-dfe6176d9357', 'Annabal Golsworthy', '+7 (905) 458-26-41', 'agolsworthy3k@paypal.com', '66 43 381 012');
insert into client (id, full_name, phone, email, passport) values ('6777c2df-dcd0-4a16-8331-97b47b37b8b1', 'Bard Hellicar', '+7 (450) 939-14-39', 'bhellicar3l@lulu.com', '13 63 383 370');
insert into client (id, full_name, phone, email, passport) values ('23d7d092-352a-4902-bf46-d567db20da27', 'Darby Haryngton', '+7 (264) 984-59-33', 'dharyngton3m@amazon.co.jp', '81 98 638 456');
insert into client (id, full_name, phone, email, passport) values ('5196c7a0-d669-4de6-98f9-aed9d555c491', 'Keefe Clue', '+7 (401) 549-27-81', 'kclue3n@dyndns.org', '96 60 836 897');
insert into client (id, full_name, phone, email, passport) values ('571f3acc-a000-412a-b69c-6fe20dc58349', 'Fabio Messer', '+7 (588) 851-96-49', 'fmesser3o@liveinternet.ru', '54 88 231 630');
insert into client (id, full_name, phone, email, passport) values ('a88bdf06-65de-410c-a365-63282f8fac42', 'Skippy Winward', '+7 (208) 190-88-12', 'swinward3p@reddit.com', '58 85 336 136');
insert into client (id, full_name, phone, email, passport) values ('39a45f95-7797-4c68-b21c-15ef674fd153', 'Dare Moncaster', '+7 (958) 053-86-78', 'dmoncaster3q@ycombinator.com', '53 36 855 407');
insert into client (id, full_name, phone, email, passport) values ('95b37b26-38c6-4636-8a02-b7b6528dc2a1', 'Kaitlyn Duffield', '+7 (270) 256-16-43', 'kduffield3r@cbsnews.com', '16 79 376 136');
insert into client (id, full_name, phone, email, passport) values ('8aef2800-b226-4cd3-9a32-9f4a5a91df4c', 'Poppy Smewing', '+7 (417) 599-11-47', 'psmewing3s@samsung.com', '40 06 518 570');
insert into client (id, full_name, phone, email, passport) values ('ece2440f-d211-4192-b4f8-8da183877a0f', 'Tobie Igonet', '+7 (857) 969-59-60', 'tigonet3t@google.ca', '19 57 133 413');
insert into client (id, full_name, phone, email, passport) values ('2e9d729c-24ea-472a-a2f9-8f883011cdf6', 'Felipe Elmes', '+7 (561) 639-58-38', 'felmes3u@phoca.cz', '83 04 227 305');
insert into client (id, full_name, phone, email, passport) values ('07827373-9c76-4a47-ad24-12f7bc8c08b2', 'Arlinda Wheeliker', '+7 (046) 991-97-23', 'awheeliker3v@hibu.com', '01 34 077 253');
insert into client (id, full_name, phone, email, passport) values ('1cb6602c-9383-4ab6-ab25-44a086bb50bb', 'Flossy Nurse', '+7 (124) 216-75-63', 'fnurse3w@wikia.com', '94 98 356 655');
insert into client (id, full_name, phone, email, passport) values ('4bb17e05-9e8a-4ccb-a55d-1e5e580fcdc8', 'Massimo Proswell', '+7 (666) 801-63-57', 'mproswell3x@elegantthemes.com', '69 77 007 175');
insert into client (id, full_name, phone, email, passport) values ('2d56f748-353a-47bf-bea6-95c108a46110', 'Magdaia Mandifield', '+7 (081) 453-60-10', 'mmandifield3y@umich.edu', '48 02 153 626');
insert into client (id, full_name, phone, email, passport) values ('70b7b6df-2c3b-40bf-aaf2-5892e2769f86', 'Bertram Muttitt', '+7 (857) 113-16-92', 'bmuttitt3z@columbia.edu', '76 39 806 300');
insert into client (id, full_name, phone, email, passport) values ('e8cc33a6-ad35-4520-b54e-e517bc3cc8e8', 'Granny McMaster', '+7 (475) 660-70-88', 'gmcmaster40@myspace.com', '37 83 461 883');
insert into client (id, full_name, phone, email, passport) values ('d9695e7f-7486-42dd-bee5-e129bd48e140', 'Lurline Balwin', '+7 (493) 402-06-47', 'lbalwin41@typepad.com', '23 28 900 234');
insert into client (id, full_name, phone, email, passport) values ('8dc95b8d-2075-4663-963c-e12307adc16b', 'Ellie Mackneis', '+7 (102) 332-88-82', 'emackneis42@cdbaby.com', '77 32 803 616');
insert into client (id, full_name, phone, email, passport) values ('0a9d4956-ca2a-40fd-9c61-67279626bbbd', 'Austina Miskimmon', '+7 (739) 038-73-43', 'amiskimmon43@bbc.co.uk', '87 14 350 456');
insert into client (id, full_name, phone, email, passport) values ('7094350e-c772-4053-b65b-bdd35b51e73e', 'Kay Freeborne', '+7 (739) 526-17-74', 'kfreeborne44@bizjournals.com', '03 74 891 833');
insert into client (id, full_name, phone, email, passport) values ('e204e623-cde8-45a0-8ebd-bcb6a1bff0cf', 'Meade Honeyghan', '+7 (254) 745-52-38', 'mhoneyghan45@springer.com', '63 30 857 155');
insert into client (id, full_name, phone, email, passport) values ('75dc63f3-761e-4c90-9009-442b2dd5494d', 'Les Fidge', '+7 (327) 840-49-53', 'lfidge46@posterous.com', '38 18 685 933');
insert into client (id, full_name, phone, email, passport) values ('6bc02bd8-8a60-4319-aa6b-8325a9be2768', 'Saba Winfred', '+7 (769) 162-09-40', 'swinfred47@so-net.ne.jp', '47 16 138 290');
insert into client (id, full_name, phone, email, passport) values ('9b0e1f4d-68ce-439e-a028-a7131bcf5b93', 'Prescott Yankov', '+7 (405) 906-41-25', 'pyankov48@usda.gov', '86 95 871 826');
insert into client (id, full_name, phone, email, passport) values ('f6054270-2d39-48fd-a3bf-a2af54d3171d', 'Farlie Branno', '+7 (962) 483-78-58', 'fbranno49@state.gov', '76 52 607 690');
insert into client (id, full_name, phone, email, passport) values ('15a6d097-3597-489d-b5be-060c4d46267e', 'Dael Virr', '+7 (568) 424-61-40', 'dvirr4a@furl.net', '10 68 662 943');
insert into client (id, full_name, phone, email, passport) values ('3c1e218d-53ae-4f40-96b1-46fcc699a9bf', 'Bonni Ciobutaru', '+7 (231) 975-68-02', 'bciobutaru4b@miibeian.gov.cn', '63 91 633 050');
insert into client (id, full_name, phone, email, passport) values ('97877056-6cd7-451d-ae42-f2f57a6c46d3', 'Svend Mounfield', '+7 (554) 868-00-72', 'smounfield4c@utexas.edu', '29 18 786 595');
insert into client (id, full_name, phone, email, passport) values ('bcf4fa02-2d07-4574-af0c-9dfffb112bad', 'Roana Passion', '+7 (714) 523-54-15', 'rpassion4d@merriam-webster.com', '01 56 268 120');
insert into client (id, full_name, phone, email, passport) values ('40f6e9fa-7416-4ab8-baa8-cfaa2f3dc275', 'Leonid Impson', '+7 (772) 795-13-59', 'limpson4e@free.fr', '73 79 737 406');
insert into client (id, full_name, phone, email, passport) values ('c2a4a3dc-f654-463f-8796-21f1fdc65da8', 'Theodor Oubridge', '+7 (297) 564-11-94', 'toubridge4f@bigcartel.com', '53 79 661 982');
insert into client (id, full_name, phone, email, passport) values ('1b74d75d-0b6e-4f3b-bb19-b3330b72eed2', 'Lind Allsepp', '+7 (320) 853-71-57', 'lallsepp4g@blinklist.com', '33 24 887 842');
insert into client (id, full_name, phone, email, passport) values ('71274aca-22fb-4e5b-a95d-8d4a48e6e54f', 'Karin Fruish', '+7 (393) 931-85-15', 'kfruish4h@ustream.tv', '41 33 360 845');
insert into client (id, full_name, phone, email, passport) values ('c1500620-2d5e-4de0-9729-d98011065c22', 'Dane Elgie', '+7 (164) 936-63-16', 'delgie4i@blinklist.com', '11 13 334 793');
insert into client (id, full_name, phone, email, passport) values ('c89e2355-c59b-448d-898c-465c482efc1c', 'Ola Pridie', '+7 (775) 327-79-97', 'opridie4j@artisteer.com', '52 38 508 039');
insert into client (id, full_name, phone, email, passport) values ('72efb844-2da5-44f2-9813-cacca3238a35', 'Aldis McVity', '+7 (126) 951-84-98', 'amcvity4k@shop-pro.jp', '79 86 095 015');
insert into client (id, full_name, phone, email, passport) values ('812cf0eb-0b60-46a0-bbe2-6973af373e17', 'Sargent Surridge', '+7 (157) 160-91-57', 'ssurridge4l@intel.com', '57 59 917 162');
insert into client (id, full_name, phone, email, passport) values ('a821f5b2-1966-437a-bc17-7c06ceda494a', 'Biddy Menere', '+7 (935) 630-15-91', 'bmenere4m@networkadvertising.org', '54 07 221 632');
insert into client (id, full_name, phone, email, passport) values ('c5825f22-32d5-4d04-97fc-5cb6d933c2be', 'Gunar Whaymand', '+7 (861) 787-26-30', 'gwhaymand4n@ycombinator.com', '14 19 027 075');
insert into client (id, full_name, phone, email, passport) values ('58b8ecb7-c7f0-4084-ae57-cab68be12013', 'Arabella McEvay', '+7 (039) 075-95-17', 'amcevay4o@cdbaby.com', '72 38 193 364');
insert into client (id, full_name, phone, email, passport) values ('b6cb2533-c134-4f58-964a-06cf0c7f3b37', 'Yorgo Merrifield', '+7 (435) 525-26-58', 'ymerrifield4p@facebook.com', '88 73 396 080');
insert into client (id, full_name, phone, email, passport) values ('302d7f88-6253-494f-9dc2-4a9d357215bc', 'Erl Maro', '+7 (632) 251-60-34', 'emaro4q@nature.com', '38 27 454 838');
insert into client (id, full_name, phone, email, passport) values ('1e24f98f-0a42-45a2-bb2f-d220b08ad31e', 'Ardenia Blondin', '+7 (783) 687-16-85', 'ablondin4r@privacy.gov.au', '08 44 331 413');
insert into client (id, full_name, phone, email, passport) values ('760954cd-34aa-48e6-b99d-86b916732692', 'Abbe Naton', '+7 (439) 394-99-46', 'anaton4s@diigo.com', '83 91 039 858');
insert into client (id, full_name, phone, email, passport) values ('d73b02fa-1d26-4394-8dc0-6fa83a5e516b', 'Olag Piercy', '+7 (872) 522-71-89', 'opiercy4t@npr.org', '12 04 585 425');
insert into client (id, full_name, phone, email, passport) values ('32892672-6876-4b92-9c7d-f54cc4c14ced', 'Desiree Varvara', '+7 (482) 044-21-54', 'dvarvara4u@wufoo.com', '32 89 365 434');
insert into client (id, full_name, phone, email, passport) values ('be14cf5c-c3b5-40b6-8b2c-7e30ac63e2c2', 'Diane Skellorne', '+7 (988) 066-68-25', 'dskellorne4v@whitehouse.gov', '35 25 212 634');
insert into client (id, full_name, phone, email, passport) values ('63aa50c7-c9f6-4556-aec4-3b86de57f738', 'Ethan Walworth', '+7 (099) 707-00-79', 'ewalworth4w@booking.com', '10 45 001 103');
insert into client (id, full_name, phone, email, passport) values ('7f06965d-93da-42cc-9aa2-796ac9089ddf', 'Ashely Fielders', '+7 (778) 826-31-92', 'afielders4x@buzzfeed.com', '75 46 751 875');
insert into client (id, full_name, phone, email, passport) values ('a3ead85e-59c6-4c5d-8e06-056fe0be8815', 'Virginie Legonidec', '+7 (780) 090-41-43', 'vlegonidec4y@elpais.com', '32 62 910 014');
insert into client (id, full_name, phone, email, passport) values ('5c97761d-a9d7-4be7-a806-482a0f8b969d', 'Shayne Connor', '+7 (186) 393-44-18', 'sconnor4z@google.cn', '86 20 910 203');
insert into client (id, full_name, phone, email, passport) values ('d3967da6-f9b5-404f-b77c-8370b19d89c2', 'Philly Minnis', '+7 (167) 043-99-74', 'pminnis50@huffingtonpost.com', '26 68 645 759');
insert into client (id, full_name, phone, email, passport) values ('53bc5c97-1f28-4c8d-a52e-a66542b33726', 'Angelia Hutcheons', '+7 (161) 717-43-97', 'ahutcheons51@independent.co.uk', '60 79 444 076');
insert into client (id, full_name, phone, email, passport) values ('7c0270a8-11ee-46c5-81cd-b99dba26a6ea', 'Maisie Erangey', '+7 (024) 037-57-37', 'merangey52@behance.net', '02 02 223 009');
insert into client (id, full_name, phone, email, passport) values ('e17ae6ff-e209-4483-adb3-4b082bd15440', 'Henderson Myott', '+7 (466) 226-59-87', 'hmyott53@ucla.edu', '41 45 074 440');
insert into client (id, full_name, phone, email, passport) values ('e3b7216c-a5ae-48fb-a70b-b8467c1f8bf0', 'Chris Howson', '+7 (773) 120-97-43', 'chowson54@360.cn', '83 66 378 250');
insert into client (id, full_name, phone, email, passport) values ('b6dca541-8dc9-415d-abfd-ea1d9a19532c', 'Reube Brenstuhl', '+7 (319) 643-10-83', 'rbrenstuhl55@deliciousdays.com', '04 60 724 545');
insert into client (id, full_name, phone, email, passport) values ('bad78313-80fc-45a2-91a2-47937346878b', 'Connie Such', '+7 (086) 598-65-95', 'csuch56@blogspot.com', '97 38 350 133');
insert into client (id, full_name, phone, email, passport) values ('264a61c7-bc8d-4f74-903e-3de8ffc5ee28', 'Meaghan Dall', '+7 (417) 422-76-15', 'mdall57@unblog.fr', '04 73 826 051');
insert into client (id, full_name, phone, email, passport) values ('3133a008-87cd-473a-877b-15eb60fc4fd3', 'Tracie Maude', '+7 (923) 319-94-78', 'tmaude58@businessinsider.com', '43 08 295 771');
insert into client (id, full_name, phone, email, passport) values ('895035e0-e437-43c0-85a8-6738e8dbffb5', 'Hyacinthie Leeburne', '+7 (045) 269-16-88', 'hleeburne59@opera.com', '31 10 139 953');
insert into client (id, full_name, phone, email, passport) values ('28ff7a7c-7633-4150-95d9-ea4f78838681', 'Radcliffe Druhan', '+7 (377) 238-57-99', 'rdruhan5a@sun.com', '42 48 806 857');
insert into client (id, full_name, phone, email, passport) values ('037fd087-213f-4ffb-a1dd-d5b5d334f345', 'Ado Scotchford', '+7 (427) 613-96-14', 'ascotchford5b@berkeley.edu', '98 77 319 017');
insert into client (id, full_name, phone, email, passport) values ('1a3c2905-ce3f-4da9-869c-52a1d72a6f8e', 'Salaidh Fermor', '+7 (062) 463-28-49', 'sfermor5c@paypal.com', '42 65 517 829');
insert into client (id, full_name, phone, email, passport) values ('b7ba1c0c-a9b2-419b-8caa-875af9f0a92c', 'Sanders Jardin', '+7 (220) 759-55-80', 'sjardin5d@springer.com', '19 12 872 193');
insert into client (id, full_name, phone, email, passport) values ('c8e290e0-c49c-4c92-87e3-4b58dffdaf8b', 'Lem Bellinger', '+7 (164) 305-79-88', 'lbellinger5e@homestead.com', '40 66 798 550');
insert into client (id, full_name, phone, email, passport) values ('4a3a2ad6-daf4-4dbf-aa78-990570e725bd', 'Sorcha Diglin', '+7 (146) 773-18-03', 'sdiglin5f@instagram.com', '61 27 150 907');
insert into client (id, full_name, phone, email, passport) values ('f4f9547d-527d-4870-8148-0ba9d8bc6e14', 'Fawnia Piddick', '+7 (126) 578-41-56', 'fpiddick5g@google.com.hk', '29 40 329 673');
insert into client (id, full_name, phone, email, passport) values ('bcd6574a-6bb4-4209-b3b8-20419a2bbcc9', 'Cross Yu', '+7 (002) 522-71-89', 'cyu5h@irs.gov', '86 00 300 930');
insert into client (id, full_name, phone, email, passport) values ('17271673-02cd-4f0c-96d7-b2af10cdab99', 'Rab Emilien', '+7 (433) 309-40-67', 'remilien5i@gizmodo.com', '88 94 657 900');
insert into client (id, full_name, phone, email, passport) values ('0a6f4807-b728-4058-86d7-fde6801bcd5f', 'Zachery Reynard', '+7 (769) 043-52-19', 'zreynard5j@surveymonkey.com', '65 02 711 893');

insert into credit (id, limit_on, interest_rate) values ('4f213495-a37b-4487-8bef-fea9c4ac92f6', 50000.00, 15.26);
insert into credit (id, limit_on, interest_rate) values ('7bfb3dce-60d9-40e9-aae4-ec0cd161eda6', 50000.00, 50.64);
insert into credit (id, limit_on, interest_rate) values ('1c6c9791-af0a-41ff-9333-006b81f5ef82', 50000.00, 75.27);
insert into credit (id, limit_on, interest_rate) values ('036b5934-9d41-451a-905c-33e342940380', 100000.00, 15.09);
insert into credit (id, limit_on, interest_rate) values ('7a7799ef-0755-4549-8379-ed7427b183f5', 100000.00, 50.14);
insert into credit (id, limit_on, interest_rate) values ('4bb67f03-1185-4148-ae57-4a68036bc04f', 100000.00, 75.75);
insert into credit (id, limit_on, interest_rate) values ('dab9f3c2-f6ae-420c-89c7-6b84bd5ca7de', 500000.00, 15.24);
insert into credit (id, limit_on, interest_rate) values ('36f322e0-7132-4d7f-851e-460796f6b826', 500000.00, 50.93);
insert into credit (id, limit_on, interest_rate) values ('ca7ddd57-fae6-43c5-9115-34cbd251e25a', 500000.00, 75.82);
insert into credit (id, limit_on, interest_rate) values ('f604d479-a985-4565-8bd1-12d0d899bc73', 1000000.00, 10.57);
insert into credit (id, limit_on, interest_rate) values ('57008d70-2a40-4bd4-8174-d0969ca35cf5', 1000000.00, 25.8);
insert into credit (id, limit_on, interest_rate) values ('d1623c22-93c7-4fd0-aa90-3e12c0871b0f', 1000000.00, 50.04);
insert into credit (id, limit_on, interest_rate) values ('092f2022-f3c2-452c-ab94-56d84f0050e9', 5000000.00, 10.48);
insert into credit (id, limit_on, interest_rate) values ('96f18448-9935-403a-97ec-e2384debf4ee', 5000000.00, 25.42);
insert into credit (id, limit_on, interest_rate) values ('dbf23872-3767-42e2-8b3a-7900a3723ec3', 5000000.00, 50.88);
insert into credit (id, limit_on, interest_rate) values ('e9032ca5-b62b-44e3-b21f-6e811b2e63ed', 10000000.00, 8.86);
insert into credit (id, limit_on, interest_rate) values ('55531955-137f-4e08-b691-dc018a8e142c', 10000000.00, 19.41);
insert into credit (id, limit_on, interest_rate) values ('7af2fac4-ea01-42c1-bc85-f879e9579208', 10000000.00, 28.05);
insert into credit (id, limit_on, interest_rate) values ('3fd61775-306c-443b-a9b0-1820375dc050', 50000000.00, 8.38);
insert into credit (id, limit_on, interest_rate) values ('efd0f23e-1d92-4221-bf73-1e7ab09eac1c', 50000000.00, 19.26);
insert into credit (id, limit_on, interest_rate) values ('0bfa5b49-18e7-4a61-9f58-e24be8dba8fc', 50000000.00, 28.26);
insert into credit (id, limit_on, interest_rate) values ('75452e19-27b5-4117-b7e4-1afcdf6a3cae', 100000000.00, 6.26);
insert into credit (id, limit_on, interest_rate) values ('1e4b9c34-8f92-4d66-9bc6-2d1b79e1294e', 100000000.00, 12.56);
insert into credit (id, limit_on, interest_rate) values ('f04a56b2-bfc0-4cd8-a8fd-78bcab104d54', 100000000.00, 18.26);
insert into credit (id, limit_on, interest_rate) values ('dfffabe8-51c2-4f2b-b38e-43ee7e2d7c2e', 500000000.00, 4.26);
insert into credit (id, limit_on, interest_rate) values ('4e0c9dbd-e31c-4ea2-8abd-07d3a28af9ae', 500000000.00, 6.26);
insert into credit (id, limit_on, interest_rate) values ('e794f61b-ae39-4c1f-b1ff-99cbf413a29a', 500000000.00, 10.26);
insert into credit (id, limit_on, interest_rate) values ('1aeb3e72-9e49-4f3b-afae-939fde2d4d8d', 1000000000.00, 2.24);
insert into credit (id, limit_on, interest_rate) values ('a0e5c30e-735d-46dc-b177-6d80e77f2b0b', 1000000000.00, 4.45);
insert into credit (id, limit_on, interest_rate) values ('daa3d7ae-b98d-4556-9a4e-94ec1c3ab8f5', 1000000000.00, 6.96);

insert into bank (id, client_id, credit_id) values (uuid(), '7bb34909-d621-4140-9338-b61dd1909104', '4f213495-a37b-4487-8bef-fea9c4ac92f6');
insert into bank (id, client_id, credit_id) values (uuid(), 'f0ca026e-b0dc-4c74-a76a-4185ef7bc98a', '7bfb3dce-60d9-40e9-aae4-ec0cd161eda6');
insert into bank (id, client_id, credit_id) values (uuid(), '159879d4-d871-484e-b1c9-ccc0a5d6ccac', '1c6c9791-af0a-41ff-9333-006b81f5ef82');
insert into bank (id, client_id, credit_id) values (uuid(), '9ce7f5f9-308a-4938-b3f5-d6423a1b583e', '036b5934-9d41-451a-905c-33e342940380');
insert into bank (id, client_id, credit_id) values (uuid(), 'a7227b34-c8d0-4c8d-8c4c-74a89809cfb3', '7a7799ef-0755-4549-8379-ed7427b183f5');
insert into bank (id, client_id, credit_id) values (uuid(), '66d38bae-2bd3-47b9-8240-17ad6bea8748', '4bb67f03-1185-4148-ae57-4a68036bc04f');
insert into bank (id, client_id, credit_id) values (uuid(), 'd73ff1ea-1275-4e7c-ba98-0430f697d569', 'dab9f3c2-f6ae-420c-89c7-6b84bd5ca7de');
insert into bank (id, client_id, credit_id) values (uuid(), '5d5091ef-4f83-42d0-a2d5-24604e5b499f', '36f322e0-7132-4d7f-851e-460796f6b826');
insert into bank (id, client_id, credit_id) values (uuid(), 'cc840283-2a41-4998-9503-7c09122ae774', 'ca7ddd57-fae6-43c5-9115-34cbd251e25a');
insert into bank (id, client_id, credit_id) values (uuid(), '85febc47-2db4-4d98-9e76-75d39c1a604f', 'f604d479-a985-4565-8bd1-12d0d899bc73');
insert into bank (id, client_id, credit_id) values (uuid(), 'f858eea1-c2cd-408f-a1d0-42462ad749df', '57008d70-2a40-4bd4-8174-d0969ca35cf5');
insert into bank (id, client_id, credit_id) values (uuid(), '79a1d978-67c1-4a2a-a831-03c7f2ed2d31', 'd1623c22-93c7-4fd0-aa90-3e12c0871b0f');
insert into bank (id, client_id, credit_id) values (uuid(), '8fa28c55-d672-4239-a291-cbb031b2cce9', '092f2022-f3c2-452c-ab94-56d84f0050e9');
insert into bank (id, client_id, credit_id) values (uuid(), 'aefade59-34d0-475a-b99e-0d816281ae14', '96f18448-9935-403a-97ec-e2384debf4ee');
insert into bank (id, client_id, credit_id) values (uuid(), 'ccd0972a-5529-4a83-8b48-1e51add88069', 'dbf23872-3767-42e2-8b3a-7900a3723ec3');
insert into bank (id, client_id, credit_id) values (uuid(), 'be1b7883-c45b-4986-941b-7932487009d9', 'e9032ca5-b62b-44e3-b21f-6e811b2e63ed');
insert into bank (id, client_id, credit_id) values (uuid(), '1006a216-e4ff-4d77-8438-43a9b0fd65ba', '55531955-137f-4e08-b691-dc018a8e142c');
insert into bank (id, client_id, credit_id) values (uuid(), 'f88dd238-e5d7-4664-93af-0e3ea5bc8a08', '7af2fac4-ea01-42c1-bc85-f879e9579208');
insert into bank (id, client_id, credit_id) values (uuid(), '9a17d4a0-ca7f-4b47-a45f-5dbb15418b89', '3fd61775-306c-443b-a9b0-1820375dc050');
insert into bank (id, client_id, credit_id) values (uuid(), 'fc37d367-8e75-4fae-ab4a-0ed55b2609fd', 'efd0f23e-1d92-4221-bf73-1e7ab09eac1c');
insert into bank (id, client_id, credit_id) values (uuid(), 'a9c15a31-c84e-4298-96d3-cdd6709040b0', '0bfa5b49-18e7-4a61-9f58-e24be8dba8fc');
insert into bank (id, client_id, credit_id) values (uuid(), '183727f3-d6c2-4354-a67c-dae9453bf2ac', '75452e19-27b5-4117-b7e4-1afcdf6a3cae');
insert into bank (id, client_id, credit_id) values (uuid(), '5f821401-c6bb-4157-871e-b9edf63f8fe6', '1e4b9c34-8f92-4d66-9bc6-2d1b79e1294e');
insert into bank (id, client_id, credit_id) values (uuid(), 'd8a1aebd-ccb8-4f08-a40b-92ba41abed05', 'f04a56b2-bfc0-4cd8-a8fd-78bcab104d54');
insert into bank (id, client_id, credit_id) values (uuid(), '00c7123f-6832-484c-b797-1214eaf18d26', 'dfffabe8-51c2-4f2b-b38e-43ee7e2d7c2e');
insert into bank (id, client_id, credit_id) values (uuid(), 'ddf41d11-29e9-43d3-8a8a-84bcfa93eb4c', '4e0c9dbd-e31c-4ea2-8abd-07d3a28af9ae');
insert into bank (id, client_id, credit_id) values (uuid(), '4733df48-a05e-470d-a17b-79fed341133c', 'e794f61b-ae39-4c1f-b1ff-99cbf413a29a');
insert into bank (id, client_id, credit_id) values (uuid(), 'e5d30cc9-b2f4-4941-b9e9-65d4c5569b60', '1aeb3e72-9e49-4f3b-afae-939fde2d4d8d');
insert into bank (id, client_id, credit_id) values (uuid(), 'fecf9d4c-9001-4f8c-b70f-429e288e52b4', 'a0e5c30e-735d-46dc-b177-6d80e77f2b0b');
insert into bank (id, client_id, credit_id) values (uuid(), 'edcde567-fe78-40a0-8c38-690ee8fe99f4', 'daa3d7ae-b98d-4556-9a4e-94ec1c3ab8f5');
insert into bank (id, client_id, credit_id) values (uuid(), 'd38c70b3-4136-4a6b-bc87-4af183611bc9', '4f213495-a37b-4487-8bef-fea9c4ac92f6');
insert into bank (id, client_id, credit_id) values (uuid(), '23eb37cf-400c-4054-94a6-5d7f196ed3d2', '7bfb3dce-60d9-40e9-aae4-ec0cd161eda6');
insert into bank (id, client_id, credit_id) values (uuid(), '40c9e32d-3f81-495f-b662-a5fa7239a509', '1c6c9791-af0a-41ff-9333-006b81f5ef82');
insert into bank (id, client_id, credit_id) values (uuid(), 'bad475d6-82e6-4fb6-ab92-8610d786d617', '036b5934-9d41-451a-905c-33e342940380');
insert into bank (id, client_id, credit_id) values (uuid(), '52b9284f-0855-485d-af34-c5d32c4f0f08', '7a7799ef-0755-4549-8379-ed7427b183f5');
insert into bank (id, client_id, credit_id) values (uuid(), '87aa1b0d-6388-4e72-adc2-90dd4a95afc5', '4bb67f03-1185-4148-ae57-4a68036bc04f');
insert into bank (id, client_id, credit_id) values (uuid(), '6dd7254a-263d-4739-aa8c-a0a17bc04d20', 'dab9f3c2-f6ae-420c-89c7-6b84bd5ca7de');
insert into bank (id, client_id, credit_id) values (uuid(), 'f43a7f2c-9067-47b9-a1b2-4793e3962f30', '36f322e0-7132-4d7f-851e-460796f6b826');
insert into bank (id, client_id, credit_id) values (uuid(), '35d5472d-39f3-4a3e-adf6-ce089c9f7971', 'ca7ddd57-fae6-43c5-9115-34cbd251e25a');
insert into bank (id, client_id, credit_id) values (uuid(), '65b919a5-fb03-43bc-ba33-85be1370829b', 'f604d479-a985-4565-8bd1-12d0d899bc73');
insert into bank (id, client_id, credit_id) values (uuid(), '4ce3fa8d-8af7-432d-a5a1-ec3325274616', '57008d70-2a40-4bd4-8174-d0969ca35cf5');
insert into bank (id, client_id, credit_id) values (uuid(), '95e1e783-ada3-4f7d-8d9d-fa77bc9aa6ea', 'd1623c22-93c7-4fd0-aa90-3e12c0871b0f');
insert into bank (id, client_id, credit_id) values (uuid(), 'bd9da7ba-faf9-43f3-8290-82c444039968', '092f2022-f3c2-452c-ab94-56d84f0050e9');
insert into bank (id, client_id, credit_id) values (uuid(), '15936b92-523a-468b-98e3-7605b591cc6d', '96f18448-9935-403a-97ec-e2384debf4ee');
insert into bank (id, client_id, credit_id) values (uuid(), 'b0c61bc3-909a-4f33-973f-f260f5584692', 'dbf23872-3767-42e2-8b3a-7900a3723ec3');
insert into bank (id, client_id, credit_id) values (uuid(), 'd4b56b7e-4bc3-4664-baaa-c97f78d5b26a', 'e9032ca5-b62b-44e3-b21f-6e811b2e63ed');
insert into bank (id, client_id, credit_id) values (uuid(), 'fb595a66-ed93-48eb-8135-f3138a250fdf', '55531955-137f-4e08-b691-dc018a8e142c');
insert into bank (id, client_id, credit_id) values (uuid(), '223eadd2-1856-428f-b786-4fe0617c4652', '7af2fac4-ea01-42c1-bc85-f879e9579208');
insert into bank (id, client_id, credit_id) values (uuid(), 'c32c28a4-dace-46b2-b89d-273bdb5460eb', '3fd61775-306c-443b-a9b0-1820375dc050');
insert into bank (id, client_id, credit_id) values (uuid(), '304231da-0eed-4d74-ab15-b88719b36508', 'efd0f23e-1d92-4221-bf73-1e7ab09eac1c');
insert into bank (id, client_id, credit_id) values (uuid(), '7df4400e-5c2e-4736-8f8a-a8c760f50514', '0bfa5b49-18e7-4a61-9f58-e24be8dba8fc');
insert into bank (id, client_id, credit_id) values (uuid(), 'fe461f30-b0e8-45ec-8196-cf850a2f4b2f', '75452e19-27b5-4117-b7e4-1afcdf6a3cae');
insert into bank (id, client_id, credit_id) values (uuid(), '3cbcfc35-895a-4fef-a3b4-7193c0004140', '1e4b9c34-8f92-4d66-9bc6-2d1b79e1294e');
insert into bank (id, client_id, credit_id) values (uuid(), 'cb6bea77-a521-4315-89a3-641a32902f99', 'f04a56b2-bfc0-4cd8-a8fd-78bcab104d54');
insert into bank (id, client_id, credit_id) values (uuid(), '0ed38013-35cc-45b6-834c-52b89905f3b1', 'dfffabe8-51c2-4f2b-b38e-43ee7e2d7c2e');
insert into bank (id, client_id, credit_id) values (uuid(), 'abb4a8e0-e359-4775-a6d5-7312bb4ad0f3', '4e0c9dbd-e31c-4ea2-8abd-07d3a28af9ae');
insert into bank (id, client_id, credit_id) values (uuid(), '5fa95e06-8351-4d25-9343-2fd3084acf2d', 'e794f61b-ae39-4c1f-b1ff-99cbf413a29a');
insert into bank (id, client_id, credit_id) values (uuid(), 'b4aed536-7def-450c-9635-ced4672bec77', '1aeb3e72-9e49-4f3b-afae-939fde2d4d8d');
insert into bank (id, client_id, credit_id) values (uuid(), '45ed3866-ce34-4c1e-89fd-6abe184c3005', 'a0e5c30e-735d-46dc-b177-6d80e77f2b0b');
insert into bank (id, client_id, credit_id) values (uuid(), '06628cc8-f3f1-4cc5-9e49-3b71b8d1d2cf', '4f213495-a37b-4487-8bef-fea9c4ac92f6');
insert into bank (id, client_id, credit_id) values (uuid(), '87ba885f-0b34-4c24-b874-2a27c5837b76', '7bfb3dce-60d9-40e9-aae4-ec0cd161eda6');
insert into bank (id, client_id, credit_id) values (uuid(), 'a2a69d73-ce93-44aa-8a96-4e66541ef74e', '1c6c9791-af0a-41ff-9333-006b81f5ef82');
insert into bank (id, client_id, credit_id) values (uuid(), 'b672c256-07e9-44ca-b7d2-2eb95755508f', '036b5934-9d41-451a-905c-33e342940380');
insert into bank (id, client_id, credit_id) values (uuid(), 'cfa1254d-5288-46f6-90da-ec368f9ab8e2', '7a7799ef-0755-4549-8379-ed7427b183f5');
insert into bank (id, client_id, credit_id) values (uuid(), 'e83a1106-705d-4dca-bbe7-8f453017a470', '4bb67f03-1185-4148-ae57-4a68036bc04f');
insert into bank (id, client_id, credit_id) values (uuid(), '1482b7ee-6da5-48d3-9611-d31c18b27525', 'dab9f3c2-f6ae-420c-89c7-6b84bd5ca7de');
insert into bank (id, client_id, credit_id) values (uuid(), 'd6896b31-0007-4a58-825a-649f45c6f123', '36f322e0-7132-4d7f-851e-460796f6b826');
insert into bank (id, client_id, credit_id) values (uuid(), '523a0ba9-0d07-49ea-8831-df8ff3c2524c', 'ca7ddd57-fae6-43c5-9115-34cbd251e25a');
insert into bank (id, client_id, credit_id) values (uuid(), '47683a8e-5e42-46a0-854b-d47ecfe2cca4', 'f604d479-a985-4565-8bd1-12d0d899bc73');
insert into bank (id, client_id, credit_id) values (uuid(), '54ddf26b-dbde-4917-884a-c2387f7d3316', '57008d70-2a40-4bd4-8174-d0969ca35cf5');
insert into bank (id, client_id, credit_id) values (uuid(), '29439cd9-54a3-417e-8db4-aa3322a97629', 'd1623c22-93c7-4fd0-aa90-3e12c0871b0f');
insert into bank (id, client_id, credit_id) values (uuid(), 'e74cda3e-ada4-4a96-8b4d-63bc846fa8ea', '092f2022-f3c2-452c-ab94-56d84f0050e9');
insert into bank (id, client_id, credit_id) values (uuid(), '7f472593-dd98-490e-b67a-b13f2b727696', '96f18448-9935-403a-97ec-e2384debf4ee');
insert into bank (id, client_id, credit_id) values (uuid(), 'fabb9a1f-9c79-4cf5-b4fb-c6448b5d1821', 'dbf23872-3767-42e2-8b3a-7900a3723ec3');
insert into bank (id, client_id, credit_id) values (uuid(), '9f4fe9bd-d163-4a33-b2f0-b4d23684a8f6', 'e9032ca5-b62b-44e3-b21f-6e811b2e63ed');
insert into bank (id, client_id, credit_id) values (uuid(), '64b0eae2-a918-4c7d-bd53-c7cc31d36453', '55531955-137f-4e08-b691-dc018a8e142c');
insert into bank (id, client_id, credit_id) values (uuid(), '2cd4a63e-8353-4b57-bdec-f669a256fed7', '7af2fac4-ea01-42c1-bc85-f879e9579208');
insert into bank (id, client_id, credit_id) values (uuid(), '36765363-804a-4278-8bec-85a00a80fc1c', '3fd61775-306c-443b-a9b0-1820375dc050');
insert into bank (id, client_id, credit_id) values (uuid(), '33e61c44-4d90-43b1-b696-9c2681ad5479', 'efd0f23e-1d92-4221-bf73-1e7ab09eac1c');
insert into bank (id, client_id, credit_id) values (uuid(), 'a7942d05-2544-4907-b9b8-f59e8075d6b6', '0bfa5b49-18e7-4a61-9f58-e24be8dba8fc');
insert into bank (id, client_id, credit_id) values (uuid(), '038bc39a-fec3-4ba1-b12e-85bc1229c235', '75452e19-27b5-4117-b7e4-1afcdf6a3cae');
insert into bank (id, client_id, credit_id) values (uuid(), 'bf785a88-a963-4505-a7ee-84dfdefc06b7', '1e4b9c34-8f92-4d66-9bc6-2d1b79e1294e');
insert into bank (id, client_id, credit_id) values (uuid(), '4ee37ea6-8c26-4e57-aa21-6c88b754b2f8', 'f04a56b2-bfc0-4cd8-a8fd-78bcab104d54');
insert into bank (id, client_id, credit_id) values (uuid(), 'c1e82759-a69e-4701-b93b-8131d0baa2bf', 'dfffabe8-51c2-4f2b-b38e-43ee7e2d7c2e');
insert into bank (id, client_id, credit_id) values (uuid(), 'afa4ce81-a242-4b03-8202-dcc0191b993d', '4e0c9dbd-e31c-4ea2-8abd-07d3a28af9ae');
insert into bank (id, client_id, credit_id) values (uuid(), '7728f9de-7681-4acb-97dc-624499a76bd9', 'e794f61b-ae39-4c1f-b1ff-99cbf413a29a');
insert into bank (id, client_id, credit_id) values (uuid(), '0d7adafd-e057-458c-bbdb-8ea01b9a03bd', '1aeb3e72-9e49-4f3b-afae-939fde2d4d8d');
insert into bank (id, client_id, credit_id) values (uuid(), '82afcaba-0b6f-46c7-8ccd-f4d745d8eeba', 'a0e5c30e-735d-46dc-b177-6d80e77f2b0b');
insert into bank (id, client_id, credit_id) values (uuid(), '2fd1d63e-73b6-46f8-90cc-7ec211a153bc', 'daa3d7ae-b98d-4556-9a4e-94ec1c3ab8f5');
insert into bank (id, client_id, credit_id) values (uuid(), '1267f418-b6c7-4aea-bb41-033dc0bbda6c', '4f213495-a37b-4487-8bef-fea9c4ac92f6');
insert into bank (id, client_id, credit_id) values (uuid(), '74364ac9-7eff-4dc2-acc3-501f8b75b493', '7bfb3dce-60d9-40e9-aae4-ec0cd161eda6');
insert into bank (id, client_id, credit_id) values (uuid(), '75d2cc26-b927-4600-8d39-d1b5e4ae98bc', '1c6c9791-af0a-41ff-9333-006b81f5ef82');
insert into bank (id, client_id, credit_id) values (uuid(), 'f6f891b9-5844-41c7-9f3d-8a361e1b8a19', '036b5934-9d41-451a-905c-33e342940380');
insert into bank (id, client_id, credit_id) values (uuid(), 'a30c82ab-a2bd-4879-9b4a-5c3cf7164dae', '7a7799ef-0755-4549-8379-ed7427b183f5');
insert into bank (id, client_id, credit_id) values (uuid(), 'f1e6caa0-972d-4a78-b1d9-1fe283301c0d', '4bb67f03-1185-4148-ae57-4a68036bc04f');
insert into bank (id, client_id, credit_id) values (uuid(), '09774715-3302-46b8-8eb9-68e1989c8031', 'dab9f3c2-f6ae-420c-89c7-6b84bd5ca7de');
insert into bank (id, client_id, credit_id) values (uuid(), '2868fc5a-a564-4cc8-af38-0a338f815445', '36f322e0-7132-4d7f-851e-460796f6b826');
insert into bank (id, client_id, credit_id) values (uuid(), '895c939e-9183-48a4-9279-eabfae4290b7', 'ca7ddd57-fae6-43c5-9115-34cbd251e25a');
insert into bank (id, client_id, credit_id) values (uuid(), 'ba43e34d-6511-487d-9aff-06c62203ecec', 'f604d479-a985-4565-8bd1-12d0d899bc73');
insert into bank (id, client_id, credit_id) values (uuid(), '6a7192ab-79f4-4d62-a4a4-c1598f612888', '57008d70-2a40-4bd4-8174-d0969ca35cf5');
insert into bank (id, client_id, credit_id) values (uuid(), '64bb738c-2ccf-49c4-8c68-830dc60d9784', 'd1623c22-93c7-4fd0-aa90-3e12c0871b0f');
insert into bank (id, client_id, credit_id) values (uuid(), '68bc6a5d-e064-4dd3-97e4-126a1d20ed7a', '092f2022-f3c2-452c-ab94-56d84f0050e9');
insert into bank (id, client_id, credit_id) values (uuid(), '823d410d-efe5-4a87-b82f-0eeed42611ae', '96f18448-9935-403a-97ec-e2384debf4ee');
insert into bank (id, client_id, credit_id) values (uuid(), '48beef70-ec8b-4615-b48c-98eda4400805', 'dbf23872-3767-42e2-8b3a-7900a3723ec3');
insert into bank (id, client_id, credit_id) values (uuid(), '9cd9cb71-f6a5-4bd9-a072-6fcceb9f8198', 'e9032ca5-b62b-44e3-b21f-6e811b2e63ed');
insert into bank (id, client_id, credit_id) values (uuid(), 'eafd9a0c-5882-47a1-8847-ed59f8be5225', '55531955-137f-4e08-b691-dc018a8e142c');
insert into bank (id, client_id, credit_id) values (uuid(), '1bcd23ba-4322-4d09-813c-d28a8d967304', '7af2fac4-ea01-42c1-bc85-f879e9579208');
insert into bank (id, client_id, credit_id) values (uuid(), '145aff7e-32ad-4904-9488-bbf422d0cce2', '3fd61775-306c-443b-a9b0-1820375dc050');
insert into bank (id, client_id, credit_id) values (uuid(), '053cadf6-ba91-4c71-959f-9da1a7debaef', 'efd0f23e-1d92-4221-bf73-1e7ab09eac1c');
insert into bank (id, client_id, credit_id) values (uuid(), '142739bf-bc11-45a2-89bd-43f8e530e5f0', '0bfa5b49-18e7-4a61-9f58-e24be8dba8fc');
insert into bank (id, client_id, credit_id) values (uuid(), '37f4a4f4-b59c-4be6-9c48-9b009633fa7f', '75452e19-27b5-4117-b7e4-1afcdf6a3cae');
insert into bank (id, client_id, credit_id) values (uuid(), '6057ad71-fff7-4ba7-b93f-dfe830425c27', '1e4b9c34-8f92-4d66-9bc6-2d1b79e1294e');
insert into bank (id, client_id, credit_id) values (uuid(), '71eb95c5-9261-430a-9fb3-820368d0160f', 'f04a56b2-bfc0-4cd8-a8fd-78bcab104d54');
insert into bank (id, client_id, credit_id) values (uuid(), '14597429-cb1c-4426-be70-ce71a7cdd1e3', 'dfffabe8-51c2-4f2b-b38e-43ee7e2d7c2e');
insert into bank (id, client_id, credit_id) values (uuid(), 'c04159ed-6ea9-4c77-9978-022e3d37fbfc', '4e0c9dbd-e31c-4ea2-8abd-07d3a28af9ae');
insert into bank (id, client_id, credit_id) values (uuid(), '027a85ab-22d5-488d-b3a2-fb79f89f145f', 'e794f61b-ae39-4c1f-b1ff-99cbf413a29a');
insert into bank (id, client_id, credit_id) values (uuid(), 'a72a6880-376b-45dc-839d-e492b8bed119', '1aeb3e72-9e49-4f3b-afae-939fde2d4d8d');
insert into bank (id, client_id, credit_id) values (uuid(), '248cc11f-0c2c-497c-ad6d-ec4268aaa974', 'a0e5c30e-735d-46dc-b177-6d80e77f2b0b');
insert into bank (id, client_id, credit_id) values (uuid(), 'f48c496f-3da8-4e34-ba9d-9f929cfa4a62', 'daa3d7ae-b98d-4556-9a4e-94ec1c3ab8f5');
insert into bank (id, client_id, credit_id) values (uuid(), 'e99853ec-2f85-49de-8269-3d53cfe4024d', '4f213495-a37b-4487-8bef-fea9c4ac92f6');
insert into bank (id, client_id, credit_id) values (uuid(), 'f2e5e57a-c866-4394-a201-a192fa460c1b', '7bfb3dce-60d9-40e9-aae4-ec0cd161eda6');
insert into bank (id, client_id, credit_id) values (uuid(), 'f042c109-b002-4af2-924f-f0339e9c4e2d', '1c6c9791-af0a-41ff-9333-006b81f5ef82');
insert into bank (id, client_id, credit_id) values (uuid(), '5ddb17ad-7fd4-4ad3-a007-c06629f249e5', '036b5934-9d41-451a-905c-33e342940380');
insert into bank (id, client_id, credit_id) values (uuid(), '2db94069-6ba0-40da-b734-183ead0600c9', '7a7799ef-0755-4549-8379-ed7427b183f5');
insert into bank (id, client_id, credit_id) values (uuid(), '21609f80-a270-4b55-ad84-6bce0eb93f08', '4bb67f03-1185-4148-ae57-4a68036bc04f');
insert into bank (id, client_id, credit_id) values (uuid(), 'cb214f6f-d712-4cd4-9283-5fd52082404e', 'dab9f3c2-f6ae-420c-89c7-6b84bd5ca7de');
insert into bank (id, client_id, credit_id) values (uuid(), 'b281615b-0a26-4440-a08f-9455453f3773', '36f322e0-7132-4d7f-851e-460796f6b826');
insert into bank (id, client_id, credit_id) values (uuid(), 'd29c9569-4e22-450a-b054-a0d5cdeb8345', 'ca7ddd57-fae6-43c5-9115-34cbd251e25a');
insert into bank (id, client_id, credit_id) values (uuid(), 'd37427e6-934c-44c5-82eb-dfe6176d9357', 'f604d479-a985-4565-8bd1-12d0d899bc73');
insert into bank (id, client_id, credit_id) values (uuid(), '6777c2df-dcd0-4a16-8331-97b47b37b8b1', '57008d70-2a40-4bd4-8174-d0969ca35cf5');
insert into bank (id, client_id, credit_id) values (uuid(), '23d7d092-352a-4902-bf46-d567db20da27', 'd1623c22-93c7-4fd0-aa90-3e12c0871b0f');
insert into bank (id, client_id, credit_id) values (uuid(), '5196c7a0-d669-4de6-98f9-aed9d555c491', '092f2022-f3c2-452c-ab94-56d84f0050e9');
insert into bank (id, client_id, credit_id) values (uuid(), '571f3acc-a000-412a-b69c-6fe20dc58349', '96f18448-9935-403a-97ec-e2384debf4ee');
insert into bank (id, client_id, credit_id) values (uuid(), 'a88bdf06-65de-410c-a365-63282f8fac42', 'dbf23872-3767-42e2-8b3a-7900a3723ec3');
insert into bank (id, client_id, credit_id) values (uuid(), '39a45f95-7797-4c68-b21c-15ef674fd153', 'e9032ca5-b62b-44e3-b21f-6e811b2e63ed');
insert into bank (id, client_id, credit_id) values (uuid(), '95b37b26-38c6-4636-8a02-b7b6528dc2a1', '55531955-137f-4e08-b691-dc018a8e142c');
insert into bank (id, client_id, credit_id) values (uuid(), '8aef2800-b226-4cd3-9a32-9f4a5a91df4c', '7af2fac4-ea01-42c1-bc85-f879e9579208');
insert into bank (id, client_id, credit_id) values (uuid(), 'ece2440f-d211-4192-b4f8-8da183877a0f', '3fd61775-306c-443b-a9b0-1820375dc050');
insert into bank (id, client_id, credit_id) values (uuid(), '2e9d729c-24ea-472a-a2f9-8f883011cdf6', 'efd0f23e-1d92-4221-bf73-1e7ab09eac1c');
insert into bank (id, client_id, credit_id) values (uuid(), '07827373-9c76-4a47-ad24-12f7bc8c08b2', '0bfa5b49-18e7-4a61-9f58-e24be8dba8fc');
insert into bank (id, client_id, credit_id) values (uuid(), '1cb6602c-9383-4ab6-ab25-44a086bb50bb', '75452e19-27b5-4117-b7e4-1afcdf6a3cae');
insert into bank (id, client_id, credit_id) values (uuid(), '4bb17e05-9e8a-4ccb-a55d-1e5e580fcdc8', '1e4b9c34-8f92-4d66-9bc6-2d1b79e1294e');
insert into bank (id, client_id, credit_id) values (uuid(), '2d56f748-353a-47bf-bea6-95c108a46110', 'f04a56b2-bfc0-4cd8-a8fd-78bcab104d54');
insert into bank (id, client_id, credit_id) values (uuid(), '70b7b6df-2c3b-40bf-aaf2-5892e2769f86', 'dfffabe8-51c2-4f2b-b38e-43ee7e2d7c2e');
insert into bank (id, client_id, credit_id) values (uuid(), 'e8cc33a6-ad35-4520-b54e-e517bc3cc8e8', '4e0c9dbd-e31c-4ea2-8abd-07d3a28af9ae');
insert into bank (id, client_id, credit_id) values (uuid(), 'd9695e7f-7486-42dd-bee5-e129bd48e140', 'e794f61b-ae39-4c1f-b1ff-99cbf413a29a');
insert into bank (id, client_id, credit_id) values (uuid(), '8dc95b8d-2075-4663-963c-e12307adc16b', '1aeb3e72-9e49-4f3b-afae-939fde2d4d8d');
insert into bank (id, client_id, credit_id) values (uuid(), '0a9d4956-ca2a-40fd-9c61-67279626bbbd', 'a0e5c30e-735d-46dc-b177-6d80e77f2b0b');
insert into bank (id, client_id, credit_id) values (uuid(), '7094350e-c772-4053-b65b-bdd35b51e73e', 'daa3d7ae-b98d-4556-9a4e-94ec1c3ab8f5');
insert into bank (id, client_id, credit_id) values (uuid(), 'e204e623-cde8-45a0-8ebd-bcb6a1bff0cf', 'dbf23872-3767-42e2-8b3a-7900a3723ec3');

insert into offer (id, client_id, credit_id, amount) values ('0e7ddef3-e8aa-4460-927e-25c831d4e0cb', 'afa4ce81-a242-4b03-8202-dcc0191b993d', '4f213495-a37b-4487-8bef-fea9c4ac92f6', 46875.91);
insert into offer (id, client_id, credit_id, amount) values ('39791b05-f4af-4619-a789-c895355a0aae', '7728f9de-7681-4acb-97dc-624499a76bd9', '7bfb3dce-60d9-40e9-aae4-ec0cd161eda6', 444155.97);
insert into offer (id, client_id, credit_id, amount) values ('8e79e0d2-0cb5-49be-b668-f908143f7237', '0d7adafd-e057-458c-bbdb-8ea01b9a03bd', '1c6c9791-af0a-41ff-9333-006b81f5ef82', 2260942.47);
insert into offer (id, client_id, credit_id, amount) values ('6abe63fc-bbd4-4fd3-9cec-d726ec234d13', '82afcaba-0b6f-46c7-8ccd-f4d745d8eeba', '036b5934-9d41-451a-905c-33e342940380', 6741044.2);
insert into offer (id, client_id, credit_id, amount) values ('5cce4df9-fe3b-47bd-a3e5-dddffcc3cb14', '2fd1d63e-73b6-46f8-90cc-7ec211a153bc', '7a7799ef-0755-4549-8379-ed7427b183f5', 5992725.77);
insert into offer (id, client_id, credit_id, amount) values ('18f496a3-f443-4da7-9444-5738dcf09683', '1267f418-b6c7-4aea-bb41-033dc0bbda6c', '4bb67f03-1185-4148-ae57-4a68036bc04f', 2069295.03);
insert into offer (id, client_id, credit_id, amount) values ('b8aa6cdf-b491-4a41-bbbb-5e43c5b34dd1', '74364ac9-7eff-4dc2-acc3-501f8b75b493', 'dab9f3c2-f6ae-420c-89c7-6b84bd5ca7de', 97065421.37);
insert into offer (id, client_id, credit_id, amount) values ('2c8393ab-bf1d-4cdd-b402-6d06a116534b', '75d2cc26-b927-4600-8d39-d1b5e4ae98bc', '36f322e0-7132-4d7f-851e-460796f6b826', 85463238.49);
insert into offer (id, client_id, credit_id, amount) values ('8c999782-2eb6-4f1a-9d84-d556d0c5eb2a', 'f6f891b9-5844-41c7-9f3d-8a361e1b8a19', 'ca7ddd57-fae6-43c5-9115-34cbd251e25a', 8029007.7);
insert into offer (id, client_id, credit_id, amount) values ('d566edf3-17ac-4bdf-8d95-830a2fb15d89', 'a30c82ab-a2bd-4879-9b4a-5c3cf7164dae', 'f604d479-a985-4565-8bd1-12d0d899bc73', 6601897.33);
insert into offer (id, client_id, credit_id, amount) values ('5d4cb77a-3dac-480b-b618-d2a60bd22e4a', 'f1e6caa0-972d-4a78-b1d9-1fe283301c0d', '57008d70-2a40-4bd4-8174-d0969ca35cf5', 21480725.87);
insert into offer (id, client_id, credit_id, amount) values ('e22e36c7-8a57-4f2b-b4f1-c92760ccfbca', '09774715-3302-46b8-8eb9-68e1989c8031', 'd1623c22-93c7-4fd0-aa90-3e12c0871b0f', 9763467.61);
insert into offer (id, client_id, credit_id, amount) values ('5485025a-6299-4b12-ba25-4f067b58c7c2', '2868fc5a-a564-4cc8-af38-0a338f815445', '092f2022-f3c2-452c-ab94-56d84f0050e9', 1927660.47);
insert into offer (id, client_id, credit_id, amount) values ('aa8d40fe-f614-43f8-897c-a338d6203147', '895c939e-9183-48a4-9279-eabfae4290b7', '96f18448-9935-403a-97ec-e2384debf4ee', 14354091.61);
insert into offer (id, client_id, credit_id, amount) values ('9111db81-325b-4784-a9a5-1a65df1b435e', 'ba43e34d-6511-487d-9aff-06c62203ecec', 'dbf23872-3767-42e2-8b3a-7900a3723ec3', 7643121.14);
insert into offer (id, client_id, credit_id, amount) values ('adfd4601-acef-4cc3-97ef-6a08cdaa98ef', '6a7192ab-79f4-4d62-a4a4-c1598f612888', 'e9032ca5-b62b-44e3-b21f-6e811b2e63ed', 9547926.51);
insert into offer (id, client_id, credit_id, amount) values ('d4b4827f-d98f-4023-a787-8f74b60bdd45', '64bb738c-2ccf-49c4-8c68-830dc60d9784', '55531955-137f-4e08-b691-dc018a8e142c', 2176129.5);
insert into offer (id, client_id, credit_id, amount) values ('fa72f5c5-aa8f-40cf-92c7-546f0996c844', '68bc6a5d-e064-4dd3-97e4-126a1d20ed7a', '7af2fac4-ea01-42c1-bc85-f879e9579208', 8269915.92);
insert into offer (id, client_id, credit_id, amount) values ('151513fe-6b52-44d6-8a62-c09e31926f4d', '823d410d-efe5-4a87-b82f-0eeed42611ae', '3fd61775-306c-443b-a9b0-1820375dc050', 91050774.86);
insert into offer (id, client_id, credit_id, amount) values ('9f9d48f8-109d-43c9-bfce-5430aeedbb3f', '48beef70-ec8b-4615-b48c-98eda4400805', 'efd0f23e-1d92-4221-bf73-1e7ab09eac1c', 6705420.22);
insert into offer (id, client_id, credit_id, amount) values ('b31c9021-722b-461d-8934-3fc3afb9518f', '9cd9cb71-f6a5-4bd9-a072-6fcceb9f8198', '0bfa5b49-18e7-4a61-9f58-e24be8dba8fc', 7701271.1);
insert into offer (id, client_id, credit_id, amount) values ('c3982c39-0eb1-4363-a0bd-0c1756b2dbd3', 'eafd9a0c-5882-47a1-8847-ed59f8be5225', '75452e19-27b5-4117-b7e4-1afcdf6a3cae', 6935343.63);
insert into offer (id, client_id, credit_id, amount) values ('7073a24a-a172-4a1f-9410-a690f43511b2', '1bcd23ba-4322-4d09-813c-d28a8d967304', '1e4b9c34-8f92-4d66-9bc6-2d1b79e1294e', 6048582.88);
insert into offer (id, client_id, credit_id, amount) values ('ed0e2847-960a-4101-aa71-994814959244', '145aff7e-32ad-4904-9488-bbf422d0cce2', 'f04a56b2-bfc0-4cd8-a8fd-78bcab104d54', 8506751.22);
insert into offer (id, client_id, credit_id, amount) values ('6116e37c-4a28-42f1-862f-a7ed96f65ecb', '053cadf6-ba91-4c71-959f-9da1a7debaef', 'dfffabe8-51c2-4f2b-b38e-43ee7e2d7c2e', 8694190.48);
insert into offer (id, client_id, credit_id, amount) values ('e93f8f93-a8b3-4fbe-87f6-f3976d49d17c', '142739bf-bc11-45a2-89bd-43f8e530e5f0', '4e0c9dbd-e31c-4ea2-8abd-07d3a28af9ae', 74867687.96);
insert into offer (id, client_id, credit_id, amount) values ('510b8acb-863f-4ac3-9c1c-7573c8983fca', '37f4a4f4-b59c-4be6-9c48-9b009633fa7f', 'e794f61b-ae39-4c1f-b1ff-99cbf413a29a', 1677591.87);
insert into offer (id, client_id, credit_id, amount) values ('6653e6a6-6b7a-4249-9aa1-40afd1b9ee77', '6057ad71-fff7-4ba7-b93f-dfe830425c27', '1aeb3e72-9e49-4f3b-afae-939fde2d4d8d', 6036665.42);
insert into offer (id, client_id, credit_id, amount) values ('531ba920-e7c7-446a-9ad5-34d5ebabfa2e', '71eb95c5-9261-430a-9fb3-820368d0160f', 'a0e5c30e-735d-46dc-b177-6d80e77f2b0b', 2396824.21);
insert into offer (id, client_id, credit_id, amount) values ('3dcf708c-3400-4b47-b52a-cafe790997cd', '14597429-cb1c-4426-be70-ce71a7cdd1e3', 'daa3d7ae-b98d-4556-9a4e-94ec1c3ab8f5', 8856313.65);
insert into offer (id, client_id, credit_id, amount) values ('8a1e6156-6697-4927-9ff2-f5977a20781a', 'c04159ed-6ea9-4c77-9978-022e3d37fbfc', '4f213495-a37b-4487-8bef-fea9c4ac92f6', 8520251.54);
insert into offer (id, client_id, credit_id, amount) values ('4ef89fb3-283e-46c8-be43-a5a1c8cb3848', '027a85ab-22d5-488d-b3a2-fb79f89f145f', '7bfb3dce-60d9-40e9-aae4-ec0cd161eda6', 7262774.13);
insert into offer (id, client_id, credit_id, amount) values ('9dfca2b0-3f64-4091-9d50-eb5d987eb1da', 'a72a6880-376b-45dc-839d-e492b8bed119', '1c6c9791-af0a-41ff-9333-006b81f5ef82', 9693127.64);
insert into offer (id, client_id, credit_id, amount) values ('1849bab0-4b95-4eb8-b2a2-4d51eed88c53', '248cc11f-0c2c-497c-ad6d-ec4268aaa974', '036b5934-9d41-451a-905c-33e342940380', 95173496.17);
insert into offer (id, client_id, credit_id, amount) values ('10312530-4dd1-4c5f-bd36-cd7cd15b32a8', 'f48c496f-3da8-4e34-ba9d-9f929cfa4a62', '7a7799ef-0755-4549-8379-ed7427b183f5', 235886.67);
insert into offer (id, client_id, credit_id, amount) values ('c7d0f815-2067-4f73-ae26-130853f5e278', 'e99853ec-2f85-49de-8269-3d53cfe4024d', '4bb67f03-1185-4148-ae57-4a68036bc04f', 1358633.03);
insert into offer (id, client_id, credit_id, amount) values ('ec3d66c8-de99-4d16-88ec-93343b39b8e2', 'f2e5e57a-c866-4394-a201-a192fa460c1b', 'dab9f3c2-f6ae-420c-89c7-6b84bd5ca7de', 66152504.0);
insert into offer (id, client_id, credit_id, amount) values ('7ee1a0fa-b2c3-4878-94aa-8202108de3f0', 'f042c109-b002-4af2-924f-f0339e9c4e2d', '36f322e0-7132-4d7f-851e-460796f6b826', 46248946.61);
insert into offer (id, client_id, credit_id, amount) values ('ad201abd-f299-4a0b-af58-86ea06ee1f68', '5ddb17ad-7fd4-4ad3-a007-c06629f249e5', 'ca7ddd57-fae6-43c5-9115-34cbd251e25a', 97042110.02);
insert into offer (id, client_id, credit_id, amount) values ('af51fbd3-4e2e-490c-867d-7cc4ee0b99ff', '2db94069-6ba0-40da-b734-183ead0600c9', 'f604d479-a985-4565-8bd1-12d0d899bc73', 79424004.95);
insert into offer (id, client_id, credit_id, amount) values ('ecc71c9c-d611-4140-ab9b-c3d8ac579bf3', '21609f80-a270-4b55-ad84-6bce0eb93f08', '57008d70-2a40-4bd4-8174-d0969ca35cf5', 30383778.48);
insert into offer (id, client_id, credit_id, amount) values ('e023c29f-6e8d-4cca-acb8-e5a787af691e', 'cb214f6f-d712-4cd4-9283-5fd52082404e', 'd1623c22-93c7-4fd0-aa90-3e12c0871b0f', 13883087.49);
insert into offer (id, client_id, credit_id, amount) values ('cf975447-5f7f-409a-b686-ca41fa11e63b', 'b281615b-0a26-4440-a08f-9455453f3773', '092f2022-f3c2-452c-ab94-56d84f0050e9', 25497017.06);
insert into offer (id, client_id, credit_id, amount) values ('4a4fcc89-f641-4ec8-8947-bdca0edd6f19', 'd29c9569-4e22-450a-b054-a0d5cdeb8345', '96f18448-9935-403a-97ec-e2384debf4ee', 94818220.72);
insert into offer (id, client_id, credit_id, amount) values ('47ac794b-d861-4900-bf8c-8e5c317d683e', 'd37427e6-934c-44c5-82eb-dfe6176d9357', 'dbf23872-3767-42e2-8b3a-7900a3723ec3', 25020797.37);
insert into offer (id, client_id, credit_id, amount) values ('f0939c23-c377-4d50-a0df-412655cdd46d', '6777c2df-dcd0-4a16-8331-97b47b37b8b1', 'e9032ca5-b62b-44e3-b21f-6e811b2e63ed', 64737707.78);
insert into offer (id, client_id, credit_id, amount) values ('4e3d0164-9a9f-47c3-ac05-9ca6b8c2a967', '23d7d092-352a-4902-bf46-d567db20da27', '55531955-137f-4e08-b691-dc018a8e142c', 25863390.67);
insert into offer (id, client_id, credit_id, amount) values ('7bbf0a7c-46a6-42a3-aaac-b4733f1b9c2f', '5196c7a0-d669-4de6-98f9-aed9d555c491', '7af2fac4-ea01-42c1-bc85-f879e9579208', 21937348.1);
insert into offer (id, client_id, credit_id, amount) values ('e7936c09-eb4f-4c67-9789-ee7b8ceaf5b8', '571f3acc-a000-412a-b69c-6fe20dc58349', '3fd61775-306c-443b-a9b0-1820375dc050', 70243753.69);
insert into offer (id, client_id, credit_id, amount) values ('f2fce4b4-368d-41aa-a970-ef3717c1173b', 'a88bdf06-65de-410c-a365-63282f8fac42', 'efd0f23e-1d92-4221-bf73-1e7ab09eac1c', 27342851.91);
insert into offer (id, client_id, credit_id, amount) values ('2bfbe4ab-2d02-478e-8ff5-fd415552fa09', '39a45f95-7797-4c68-b21c-15ef674fd153', '0bfa5b49-18e7-4a61-9f58-e24be8dba8fc', 25277887.45);
insert into offer (id, client_id, credit_id, amount) values ('4999e3cf-2d28-45ac-ada2-50ef0ba1e8fe', '95b37b26-38c6-4636-8a02-b7b6528dc2a1', '75452e19-27b5-4117-b7e4-1afcdf6a3cae', 54567962.0);
insert into offer (id, client_id, credit_id, amount) values ('078e590a-6099-4e75-843e-567bc083f9c6', '8aef2800-b226-4cd3-9a32-9f4a5a91df4c', '1e4b9c34-8f92-4d66-9bc6-2d1b79e1294e', 40289502.9);
insert into offer (id, client_id, credit_id, amount) values ('5d7532f9-57a2-4c0e-8259-48eec51bafa8', 'ece2440f-d211-4192-b4f8-8da183877a0f', 'f04a56b2-bfc0-4cd8-a8fd-78bcab104d54', 50917332.18);
insert into offer (id, client_id, credit_id, amount) values ('c1927662-2efc-40a5-8ab3-c018e4f4724f', '2e9d729c-24ea-472a-a2f9-8f883011cdf6', 'dfffabe8-51c2-4f2b-b38e-43ee7e2d7c2e', 96445533.82);
insert into offer (id, client_id, credit_id, amount) values ('c614b249-3741-46b8-8c0f-ad1c30c299ef', '07827373-9c76-4a47-ad24-12f7bc8c08b2', '4e0c9dbd-e31c-4ea2-8abd-07d3a28af9ae', 35701840.67);
insert into offer (id, client_id, credit_id, amount) values ('1ffd97c2-47b2-420c-9872-2250cce0dff5', '1cb6602c-9383-4ab6-ab25-44a086bb50bb', 'e794f61b-ae39-4c1f-b1ff-99cbf413a29a', 35243807.95);
insert into offer (id, client_id, credit_id, amount) values ('a6b9606a-5623-4bc5-9c50-37f34f118e09', '4bb17e05-9e8a-4ccb-a55d-1e5e580fcdc8', '1aeb3e72-9e49-4f3b-afae-939fde2d4d8d', 18011641.16);
insert into offer (id, client_id, credit_id, amount) values ('6e79a033-2b37-49fb-a6a2-36c9d5d2fc4e', '2d56f748-353a-47bf-bea6-95c108a46110', 'a0e5c30e-735d-46dc-b177-6d80e77f2b0b', 14214005.88);
insert into offer (id, client_id, credit_id, amount) values ('85e27074-e6c1-4893-92c2-057816ea0b85', '70b7b6df-2c3b-40bf-aaf2-5892e2769f86', 'daa3d7ae-b98d-4556-9a4e-94ec1c3ab8f5', 12851601.38);
insert into offer (id, client_id, credit_id, amount) values ('2057a8a1-2225-404d-a94c-df98121d5388', 'e8cc33a6-ad35-4520-b54e-e517bc3cc8e8', '4f213495-a37b-4487-8bef-fea9c4ac92f6', 34723059.73);
insert into offer (id, client_id, credit_id, amount) values ('9c5c0f08-6c4a-4578-8059-fbd9eb0a519a', 'd9695e7f-7486-42dd-bee5-e129bd48e140', '7bfb3dce-60d9-40e9-aae4-ec0cd161eda6', 33097517.02);
insert into offer (id, client_id, credit_id, amount) values ('e694b6b5-d683-461c-ab95-cc8d1ff37a49', '8dc95b8d-2075-4663-963c-e12307adc16b', '1c6c9791-af0a-41ff-9333-006b81f5ef82', 21905587.96);
insert into offer (id, client_id, credit_id, amount) values ('5944d9dd-95ab-44f2-819a-98e12aef1885', '0a9d4956-ca2a-40fd-9c61-67279626bbbd', '036b5934-9d41-451a-905c-33e342940380', 51783036.5);
insert into offer (id, client_id, credit_id, amount) values ('b1b84857-8bd2-4d31-b79a-372049e45a4b', '7094350e-c772-4053-b65b-bdd35b51e73e', '7a7799ef-0755-4549-8379-ed7427b183f5', 2430492.3);
insert into offer (id, client_id, credit_id, amount) values ('7e3af022-4333-4cf3-bda9-144169f5798a', 'e204e623-cde8-45a0-8ebd-bcb6a1bff0cf', '4bb67f03-1185-4148-ae57-4a68036bc04f', 5487170.46);
insert into offer (id, client_id, credit_id, amount) values ('5e86b3dc-43b1-4843-98d3-bd31f3854eae', '75dc63f3-761e-4c90-9009-442b2dd5494d', 'dab9f3c2-f6ae-420c-89c7-6b84bd5ca7de', 3475714.4);
insert into offer (id, client_id, credit_id, amount) values ('4523a068-7eae-44ac-ae62-5f8d479ad079', '6bc02bd8-8a60-4319-aa6b-8325a9be2768', '36f322e0-7132-4d7f-851e-460796f6b826', 3693067.6);
insert into offer (id, client_id, credit_id, amount) values ('9fa1a9de-a99a-43ff-be5c-1ea5224dbd0d', '9b0e1f4d-68ce-439e-a028-a7131bcf5b93', 'ca7ddd57-fae6-43c5-9115-34cbd251e25a', 5041359.73);
insert into offer (id, client_id, credit_id, amount) values ('362d5e6f-bc50-42b1-945d-b913ea8364db', 'f6054270-2d39-48fd-a3bf-a2af54d3171d', 'f604d479-a985-4565-8bd1-12d0d899bc73', 8008474.84);
insert into offer (id, client_id, credit_id, amount) values ('39c6da5b-8270-4384-a95b-f2263509b311', '15a6d097-3597-489d-b5be-060c4d46267e', '57008d70-2a40-4bd4-8174-d0969ca35cf5', 4784612.53);
insert into offer (id, client_id, credit_id, amount) values ('0150f011-1641-485a-ba33-523b6f6468da', '3c1e218d-53ae-4f40-96b1-46fcc699a9bf', 'd1623c22-93c7-4fd0-aa90-3e12c0871b0f', 9416118.1);
insert into offer (id, client_id, credit_id, amount) values ('b8e93c28-6069-4214-b7d0-595c6e5909a9', '97877056-6cd7-451d-ae42-f2f57a6c46d3', '092f2022-f3c2-452c-ab94-56d84f0050e9', 9692803.36);
insert into offer (id, client_id, credit_id, amount) values ('0f7eb937-ec1c-4e45-a6c4-5d08c2f8ef0f', 'bcf4fa02-2d07-4574-af0c-9dfffb112bad', '96f18448-9935-403a-97ec-e2384debf4ee', 3300556.45);
insert into offer (id, client_id, credit_id, amount) values ('1ce9f264-6c19-4628-a4f2-e2c6c8d03db8', '40f6e9fa-7416-4ab8-baa8-cfaa2f3dc275', 'dbf23872-3767-42e2-8b3a-7900a3723ec3', 7390448.74);
insert into offer (id, client_id, credit_id, amount) values ('0e1344ca-24cf-416d-ba3f-e92e443dbb2a', 'c2a4a3dc-f654-463f-8796-21f1fdc65da8', 'e9032ca5-b62b-44e3-b21f-6e811b2e63ed', 5195748.54);
insert into offer (id, client_id, credit_id, amount) values ('924ad5cd-4941-4e83-9dea-7faf3dbba05e', '1b74d75d-0b6e-4f3b-bb19-b3330b72eed2', '55531955-137f-4e08-b691-dc018a8e142c', 8215871.81);
insert into offer (id, client_id, credit_id, amount) values ('221c8d8e-a079-427b-9325-76c0955d8d28', '71274aca-22fb-4e5b-a95d-8d4a48e6e54f', '7af2fac4-ea01-42c1-bc85-f879e9579208', 4411171.67);
insert into offer (id, client_id, credit_id, amount) values ('69708f5b-6adc-4b38-9f57-782aea4a802a', 'c1500620-2d5e-4de0-9729-d98011065c22', '3fd61775-306c-443b-a9b0-1820375dc050', 6803004.51);
insert into offer (id, client_id, credit_id, amount) values ('989214d4-f99a-4ad3-8bf9-06229332b37d', 'c89e2355-c59b-448d-898c-465c482efc1c', 'efd0f23e-1d92-4221-bf73-1e7ab09eac1c', 6999178.85);
insert into offer (id, client_id, credit_id, amount) values ('32bd32a2-6f4e-4e8f-8a12-24285354362a', '72efb844-2da5-44f2-9813-cacca3238a35', '0bfa5b49-18e7-4a61-9f58-e24be8dba8fc', 2797972.64);
insert into offer (id, client_id, credit_id, amount) values ('3199dff1-2f65-4b65-8678-0817cc334eb5', '812cf0eb-0b60-46a0-bbe2-6973af373e17', '75452e19-27b5-4117-b7e4-1afcdf6a3cae', 5110652.49);
insert into offer (id, client_id, credit_id, amount) values ('4d918185-e965-4f80-a26b-7793f2d8ced4', 'a821f5b2-1966-437a-bc17-7c06ceda494a', '1e4b9c34-8f92-4d66-9bc6-2d1b79e1294e', 1605450.68);
insert into offer (id, client_id, credit_id, amount) values ('6cb75357-ad45-4dd3-b74b-30813bbfa2ef', 'c5825f22-32d5-4d04-97fc-5cb6d933c2be', 'f04a56b2-bfc0-4cd8-a8fd-78bcab104d54', 3270477.17);
insert into offer (id, client_id, credit_id, amount) values ('9aa898a5-8dbb-410f-acc5-f627e0380547', '58b8ecb7-c7f0-4084-ae57-cab68be12013', 'dfffabe8-51c2-4f2b-b38e-43ee7e2d7c2e', 5732748.08);
insert into offer (id, client_id, credit_id, amount) values ('4d6db957-db57-40c1-aed1-26c666461277', 'b6cb2533-c134-4f58-964a-06cf0c7f3b37', '4e0c9dbd-e31c-4ea2-8abd-07d3a28af9ae', 3171876.21);
insert into offer (id, client_id, credit_id, amount) values ('db181a09-dcac-44f1-85f6-33f4ece5f4cd', '302d7f88-6253-494f-9dc2-4a9d357215bc', 'e794f61b-ae39-4c1f-b1ff-99cbf413a29a', 346475.57);
insert into offer (id, client_id, credit_id, amount) values ('560d116a-439a-4741-a7e5-2ce158e79767', '1e24f98f-0a42-45a2-bb2f-d220b08ad31e', '1aeb3e72-9e49-4f3b-afae-939fde2d4d8d', 6338489.38);
insert into offer (id, client_id, credit_id, amount) values ('59c404c8-08e7-42e0-a26b-e7b90cfbd920', '760954cd-34aa-48e6-b99d-86b916732692', 'a0e5c30e-735d-46dc-b177-6d80e77f2b0b', 8552993.19);
insert into offer (id, client_id, credit_id, amount) values ('fa7e480b-db24-4d61-9b8c-2cf2e57defb0', 'd73b02fa-1d26-4394-8dc0-6fa83a5e516b', 'daa3d7ae-b98d-4556-9a4e-94ec1c3ab8f5', 4642573.02);
insert into offer (id, client_id, credit_id, amount) values ('cce77a54-24ea-43ef-993b-ab11cb654583', '32892672-6876-4b92-9c7d-f54cc4c14ced', 'f04a56b2-bfc0-4cd8-a8fd-78bcab104d54', 1432474.02);
insert into offer (id, client_id, credit_id, amount) values ('fe3990f3-fdc9-4a68-af2c-c08c7c9e3a25', 'be14cf5c-c3b5-40b6-8b2c-7e30ac63e2c2', 'dfffabe8-51c2-4f2b-b38e-43ee7e2d7c2e', 20432547.27);
insert into offer (id, client_id, credit_id, amount) values ('9840728c-75d0-4f87-8031-42afda9dcff2', '63aa50c7-c9f6-4556-aec4-3b86de57f738', '4e0c9dbd-e31c-4ea2-8abd-07d3a28af9ae', 9573199.72);
insert into offer (id, client_id, credit_id, amount) values ('338c8b24-d2d1-44cf-90b4-d460e3c6ac84', '7f06965d-93da-42cc-9aa2-796ac9089ddf', 'e794f61b-ae39-4c1f-b1ff-99cbf413a29a', 9352235.05);
insert into offer (id, client_id, credit_id, amount) values ('4f8d670c-a5c2-423f-8121-a5fb8ebd3715', 'a3ead85e-59c6-4c5d-8e06-056fe0be8815', '1aeb3e72-9e49-4f3b-afae-939fde2d4d8d', 9782455.34);
insert into offer (id, client_id, credit_id, amount) values ('7c5ac0ee-fc5d-4c87-bc6f-53fedd36328c', '5c97761d-a9d7-4be7-a806-482a0f8b969d', 'a0e5c30e-735d-46dc-b177-6d80e77f2b0b', 8818745.02);
insert into offer (id, client_id, credit_id, amount) values ('9b3422d1-c6f2-41b6-8a19-4e3b70699b0a', 'd3967da6-f9b5-404f-b77c-8370b19d89c2', 'daa3d7ae-b98d-4556-9a4e-94ec1c3ab8f5', 7949167.28);
insert into offer (id, client_id, credit_id, amount) values ('6f7a9260-d1ac-4359-ba5c-9d36b5c60b43', '53bc5c97-1f28-4c8d-a52e-a66542b33726', '4f213495-a37b-4487-8bef-fea9c4ac92f6', 5521630.12);
insert into offer (id, client_id, credit_id, amount) values ('87a01b5c-a7ad-4647-868c-df46125781a3', '7c0270a8-11ee-46c5-81cd-b99dba26a6ea', '7bfb3dce-60d9-40e9-aae4-ec0cd161eda6', 3975127.17);
insert into offer (id, client_id, credit_id, amount) values ('11d8de38-9f4e-4726-a5f7-f7c5fc235d30', 'e17ae6ff-e209-4483-adb3-4b082bd15440', '1c6c9791-af0a-41ff-9333-006b81f5ef82', 2921067.67);

insert into schedule_payment (id, date_payment, amount_payment, body_repayment, interest_repayment, offer_id) values ('bb6ed216-c0d6-4d56-a4b6-d28c010b2bad', '2020-12-01', 4607, 3685.6, 921.4, '0e7ddef3-e8aa-4460-927e-25c831d4e0cb');
insert into schedule_payment (id, date_payment, amount_payment, body_repayment, interest_repayment, offer_id) values ('04120705-cd74-4c2d-937c-4b5a34aaf2fa', '2021-08-31', 11335, 9068, 2267, '39791b05-f4af-4619-a789-c895355a0aae');
insert into schedule_payment (id, date_payment, amount_payment, body_repayment, interest_repayment, offer_id) values ('7f269b3a-30a2-4412-b241-80cabb4ac74a', '2021-06-26', 8683, 6946.4, 1736.6, '8e79e0d2-0cb5-49be-b668-f908143f7237');
insert into schedule_payment (id, date_payment, amount_payment, body_repayment, interest_repayment, offer_id) values ('3b80083e-274a-43b5-92f8-0d5ffe991957', '2020-11-16', 8078, 6462.4, 1615.6, '6abe63fc-bbd4-4fd3-9cec-d726ec234d13');
insert into schedule_payment (id, date_payment, amount_payment, body_repayment, interest_repayment, offer_id) values ('fc2b1e7c-4bd0-43c8-8420-c2c2c07073cf', '2021-04-17', 4903, 3922.4, 980.6, '5cce4df9-fe3b-47bd-a3e5-dddffcc3cb14');
insert into schedule_payment (id, date_payment, amount_payment, body_repayment, interest_repayment, offer_id) values ('5e98e5e9-1e67-48be-9076-eb473c01488f', '2021-01-12', 8703, 6962.4, 1740.6, '18f496a3-f443-4da7-9444-5738dcf09683');
insert into schedule_payment (id, date_payment, amount_payment, body_repayment, interest_repayment, offer_id) values ('c16d6fb7-0ac5-443a-a2bd-2a086c06ee31', '2021-02-26', 7886, 6308.8, 1577.2, 'b8aa6cdf-b491-4a41-bbbb-5e43c5b34dd1');
insert into schedule_payment (id, date_payment, amount_payment, body_repayment, interest_repayment, offer_id) values ('88821900-70f6-44b5-9c6c-102fb1948ecb', '2020-10-03', 10672, 8537.6, 2134.4, '2c8393ab-bf1d-4cdd-b402-6d06a116534b');
insert into schedule_payment (id, date_payment, amount_payment, body_repayment, interest_repayment, offer_id) values ('a6ce3042-c915-4106-bd3b-31e97850ddf9', '2021-06-09', 12814, 10251.2, 2562.8, '8c999782-2eb6-4f1a-9d84-d556d0c5eb2a');
insert into schedule_payment (id, date_payment, amount_payment, body_repayment, interest_repayment, offer_id) values ('5af85dac-b66f-4d85-aaf0-ecf5b3c72157', '2021-05-04', 3021, 2416.8, 604.2, 'd566edf3-17ac-4bdf-8d95-830a2fb15d89');
insert into schedule_payment (id, date_payment, amount_payment, body_repayment, interest_repayment, offer_id) values ('187a03aa-2319-490a-a664-a0d710528dca', '2021-08-11', 12681, 10144.8, 2536.2, '5d4cb77a-3dac-480b-b618-d2a60bd22e4a');
insert into schedule_payment (id, date_payment, amount_payment, body_repayment, interest_repayment, offer_id) values ('47912f06-404c-48d2-9c3a-3f2a4540efeb', '2021-03-16', 6342, 5073.6, 1268.4, 'e22e36c7-8a57-4f2b-b4f1-c92760ccfbca');
insert into schedule_payment (id, date_payment, amount_payment, body_repayment, interest_repayment, offer_id) values ('2800ed8b-b663-46f8-89f2-f85d82f0427e', '2020-09-29', 1288, 1030.4, 257.6, '5485025a-6299-4b12-ba25-4f067b58c7c2');
insert into schedule_payment (id, date_payment, amount_payment, body_repayment, interest_repayment, offer_id) values ('477741f7-ec39-4308-93d4-787043afa021', '2021-06-27', 7712, 6169.6, 1542.4, 'aa8d40fe-f614-43f8-897c-a338d6203147');
insert into schedule_payment (id, date_payment, amount_payment, body_repayment, interest_repayment, offer_id) values ('1a9f75df-d23d-44e3-ab76-739921aff17e', '2021-07-17', 14278, 11422.4, 2855.6, '9111db81-325b-4784-a9a5-1a65df1b435e');
insert into schedule_payment (id, date_payment, amount_payment, body_repayment, interest_repayment, offer_id) values ('45ceb352-e7d5-44f5-be13-8f4bc43d3be6', '2021-01-22', 9858, 7886.4, 1971.6, 'adfd4601-acef-4cc3-97ef-6a08cdaa98ef');
insert into schedule_payment (id, date_payment, amount_payment, body_repayment, interest_repayment, offer_id) values ('fbf4495f-8539-4be3-acfe-0952f438a822', '2020-12-04', 7646, 6116.8, 1529.2, 'd4b4827f-d98f-4023-a787-8f74b60bdd45');
insert into schedule_payment (id, date_payment, amount_payment, body_repayment, interest_repayment, offer_id) values ('b0990217-3636-4e6e-8608-b845327e0645', '2021-05-01', 2375, 1900, 475, 'fa72f5c5-aa8f-40cf-92c7-546f0996c844');
insert into schedule_payment (id, date_payment, amount_payment, body_repayment, interest_repayment, offer_id) values ('e9df614c-23d4-4cfd-9694-60b7e87dd5b3', '2021-08-27', 10856, 8684.8, 2171.2, '151513fe-6b52-44d6-8a62-c09e31926f4d');
insert into schedule_payment (id, date_payment, amount_payment, body_repayment, interest_repayment, offer_id) values ('7518fe5f-0d03-4c0f-820d-0242ae6212e6', '2021-01-10', 8485, 6788, 1697, '9f9d48f8-109d-43c9-bfce-5430aeedbb3f');
insert into schedule_payment (id, date_payment, amount_payment, body_repayment, interest_repayment, offer_id) values ('9c03f00e-f491-4f0c-9157-1e02f28356d7', '2021-08-01', 12704, 10163.2, 2540.8, 'b31c9021-722b-461d-8934-3fc3afb9518f');
insert into schedule_payment (id, date_payment, amount_payment, body_repayment, interest_repayment, offer_id) values ('f70c1632-f36b-4d81-a30c-2bf2706e720e', '2020-11-08', 10526, 8420.8, 2105.2, 'c3982c39-0eb1-4363-a0bd-0c1756b2dbd3');
insert into schedule_payment (id, date_payment, amount_payment, body_repayment, interest_repayment, offer_id) values ('d4020af6-a2f7-40cc-a94b-5a989431dd52', '2021-03-15', 4972, 3977.6, 994.4, '7073a24a-a172-4a1f-9410-a690f43511b2');
insert into schedule_payment (id, date_payment, amount_payment, body_repayment, interest_repayment, offer_id) values ('ed779089-56f5-421e-b729-57258009eb01', '2021-02-23', 7245, 5796, 1449, 'ed0e2847-960a-4101-aa71-994814959244');
insert into schedule_payment (id, date_payment, amount_payment, body_repayment, interest_repayment, offer_id) values ('c3db63b7-b586-4217-b378-eb620ab53a87', '2020-11-10', 10264, 8211.2, 2052.8, '6116e37c-4a28-42f1-862f-a7ed96f65ecb');
insert into schedule_payment (id, date_payment, amount_payment, body_repayment, interest_repayment, offer_id) values ('2ffb5449-5a27-46b6-8c07-5da01457abc0', '2021-05-16', 7618, 6094.4, 1523.6, 'e93f8f93-a8b3-4fbe-87f6-f3976d49d17c');
insert into schedule_payment (id, date_payment, amount_payment, body_repayment, interest_repayment, offer_id) values ('3c4d8e97-8072-4c40-830b-c18950054eaf', '2020-09-27', 7211, 5768.8, 1442.2, '510b8acb-863f-4ac3-9c1c-7573c8983fca');
insert into schedule_payment (id, date_payment, amount_payment, body_repayment, interest_repayment, offer_id) values ('f7797565-55ed-4bfc-b95b-a44f40061c71', '2021-08-21', 10897, 8717.6, 2179.4, '6653e6a6-6b7a-4249-9aa1-40afd1b9ee77');
insert into schedule_payment (id, date_payment, amount_payment, body_repayment, interest_repayment, offer_id) values ('7dcde8ef-2dbd-49e1-8e9d-502b0857ea05', '2020-10-08', 9061, 7248.8, 1812.2, '531ba920-e7c7-446a-9ad5-34d5ebabfa2e');
insert into schedule_payment (id, date_payment, amount_payment, body_repayment, interest_repayment, offer_id) values ('5f5fd935-e1f9-453b-b332-4458471d78b1', '2021-01-08', 3979, 3183.2, 795.8, '3dcf708c-3400-4b47-b52a-cafe790997cd');
insert into schedule_payment (id, date_payment, amount_payment, body_repayment, interest_repayment, offer_id) values ('7dc09aa0-013d-4f76-bb96-2f0370c87ca9', '2020-12-02', 8327, 6661.6, 1665.4, '8a1e6156-6697-4927-9ff2-f5977a20781a');
insert into schedule_payment (id, date_payment, amount_payment, body_repayment, interest_repayment, offer_id) values ('8548152e-ef3b-45fb-a722-060c2c0c316f', '2021-06-14', 5600, 4480, 1120, '4ef89fb3-283e-46c8-be43-a5a1c8cb3848');
insert into schedule_payment (id, date_payment, amount_payment, body_repayment, interest_repayment, offer_id) values ('04d0b989-7036-42bf-9f2d-74f87fd2f45d', '2021-01-06', 4634, 3707.2, 926.8, '9dfca2b0-3f64-4091-9d50-eb5d987eb1da');
insert into schedule_payment (id, date_payment, amount_payment, body_repayment, interest_repayment, offer_id) values ('52a87172-f213-4b1e-8866-94d9f290e483', '2021-05-02', 11387, 9109.6, 2277.4, '1849bab0-4b95-4eb8-b2a2-4d51eed88c53');
insert into schedule_payment (id, date_payment, amount_payment, body_repayment, interest_repayment, offer_id) values ('ede825d5-c8cc-4e67-8468-1bbcdb687803', '2021-01-04', 3116, 2492.8, 623.2, '10312530-4dd1-4c5f-bd36-cd7cd15b32a8');
insert into schedule_payment (id, date_payment, amount_payment, body_repayment, interest_repayment, offer_id) values ('89d71b20-a6d2-4a44-822e-c20692b74326', '2021-09-13', 14402, 11521.6, 2880.4, 'c7d0f815-2067-4f73-ae26-130853f5e278');
insert into schedule_payment (id, date_payment, amount_payment, body_repayment, interest_repayment, offer_id) values ('5cdf892d-9ab9-4b7f-b938-4c824d05e285', '2021-01-02', 9819, 7855.2, 1963.8, 'ec3d66c8-de99-4d16-88ec-93343b39b8e2');
insert into schedule_payment (id, date_payment, amount_payment, body_repayment, interest_repayment, offer_id) values ('4a82f23c-22fc-4f75-a509-b99b6ae975ca', '2020-12-24', 6365, 5092, 1273, '7ee1a0fa-b2c3-4878-94aa-8202108de3f0');
insert into schedule_payment (id, date_payment, amount_payment, body_repayment, interest_repayment, offer_id) values ('944bf1b0-29a9-4e6e-bc20-784dc9140b0b', '2021-06-04', 9497, 7597.6, 1899.4, 'ad201abd-f299-4a0b-af58-86ea06ee1f68');
insert into schedule_payment (id, date_payment, amount_payment, body_repayment, interest_repayment, offer_id) values ('893cce94-9edc-4972-820b-cda9730cd696', '2021-08-01', 13030, 10424, 2606, 'af51fbd3-4e2e-490c-867d-7cc4ee0b99ff');
insert into schedule_payment (id, date_payment, amount_payment, body_repayment, interest_repayment, offer_id) values ('f1ddb8c5-c037-4360-ba62-29bf569d86b4', '2020-10-11', 8083, 6466.4, 1616.6, 'ecc71c9c-d611-4140-ab9b-c3d8ac579bf3');
insert into schedule_payment (id, date_payment, amount_payment, body_repayment, interest_repayment, offer_id) values ('fd0e991e-8937-454a-920f-493388ef29bd', '2020-10-27', 1185, 948, 237, 'e023c29f-6e8d-4cca-acb8-e5a787af691e');
insert into schedule_payment (id, date_payment, amount_payment, body_repayment, interest_repayment, offer_id) values ('201a54d9-7d6a-43a0-b6fa-3fd6f8358475', '2021-08-03', 7054, 5643.2, 1410.8, 'cf975447-5f7f-409a-b686-ca41fa11e63b');
insert into schedule_payment (id, date_payment, amount_payment, body_repayment, interest_repayment, offer_id) values ('de3dcda4-f5f5-491b-b728-1b85cb213475', '2020-10-30', 12090, 9672, 2418, '4a4fcc89-f641-4ec8-8947-bdca0edd6f19');
insert into schedule_payment (id, date_payment, amount_payment, body_repayment, interest_repayment, offer_id) values ('26b640e1-c07e-4f14-a23f-cf6680db97fb', '2021-03-03', 9799, 7839.2, 1959.8, '47ac794b-d861-4900-bf8c-8e5c317d683e');
insert into schedule_payment (id, date_payment, amount_payment, body_repayment, interest_repayment, offer_id) values ('6db07b1e-3256-453b-a74b-73e72d9083b0', '2021-07-02', 8137, 6509.6, 1627.4, 'f0939c23-c377-4d50-a0df-412655cdd46d');
insert into schedule_payment (id, date_payment, amount_payment, body_repayment, interest_repayment, offer_id) values ('8cc59b18-44b0-4434-b059-c52aac90df64', '2020-11-15', 7539, 6031.2, 1507.8, '4e3d0164-9a9f-47c3-ac05-9ca6b8c2a967');
insert into schedule_payment (id, date_payment, amount_payment, body_repayment, interest_repayment, offer_id) values ('82a1b82f-5481-4916-a839-08d5b3bf5dd2', '2020-10-29', 6957, 5565.6, 1391.4, '7bbf0a7c-46a6-42a3-aaac-b4733f1b9c2f');
insert into schedule_payment (id, date_payment, amount_payment, body_repayment, interest_repayment, offer_id) values ('959008a2-3362-4473-8aaa-063b73baf046', '2020-10-19', 9419, 7535.2, 1883.8, 'e7936c09-eb4f-4c67-9789-ee7b8ceaf5b8');
insert into schedule_payment (id, date_payment, amount_payment, body_repayment, interest_repayment, offer_id) values ('177f0e85-691a-406f-9c61-d5c7d1c729a3', '2021-08-26', 12673, 10138.4, 2534.6, 'f2fce4b4-368d-41aa-a970-ef3717c1173b');
insert into schedule_payment (id, date_payment, amount_payment, body_repayment, interest_repayment, offer_id) values ('bcc9273f-621e-4848-a9b6-2857977d2495', '2021-08-11', 12806, 10244.8, 2561.2, '2bfbe4ab-2d02-478e-8ff5-fd415552fa09');
insert into schedule_payment (id, date_payment, amount_payment, body_repayment, interest_repayment, offer_id) values ('15a7f6cf-cffb-4fb9-9011-d455c60b47c6', '2020-10-19', 13346, 10676.8, 2669.2, '4999e3cf-2d28-45ac-ada2-50ef0ba1e8fe');
insert into schedule_payment (id, date_payment, amount_payment, body_repayment, interest_repayment, offer_id) values ('79456595-3117-47aa-a935-d59fe18c9906', '2021-05-17', 11313, 9050.4, 2262.6, '078e590a-6099-4e75-843e-567bc083f9c6');
insert into schedule_payment (id, date_payment, amount_payment, body_repayment, interest_repayment, offer_id) values ('0163bf06-79f9-463f-aac6-36ed3d7145b7', '2020-12-22', 9885, 7908, 1977, '5d7532f9-57a2-4c0e-8259-48eec51bafa8');
insert into schedule_payment (id, date_payment, amount_payment, body_repayment, interest_repayment, offer_id) values ('c390995c-407d-40bd-b77b-f1a8d1055696', '2021-01-04', 4972, 3977.6, 994.4, 'c1927662-2efc-40a5-8ab3-c018e4f4724f');
insert into schedule_payment (id, date_payment, amount_payment, body_repayment, interest_repayment, offer_id) values ('1e12c0d0-9775-4e2a-a202-48e7ae1a6ed2', '2020-09-27', 12065, 9652, 2413, 'c614b249-3741-46b8-8c0f-ad1c30c299ef');
insert into schedule_payment (id, date_payment, amount_payment, body_repayment, interest_repayment, offer_id) values ('49e2b58b-06cd-413e-a4d1-3b911cc64626', '2021-06-21', 14211, 11368.8, 2842.2, '1ffd97c2-47b2-420c-9872-2250cce0dff5');
insert into schedule_payment (id, date_payment, amount_payment, body_repayment, interest_repayment, offer_id) values ('79b1f776-3929-4811-9a70-333701279e4b', '2021-02-24', 7132, 5705.6, 1426.4, 'a6b9606a-5623-4bc5-9c50-37f34f118e09');
insert into schedule_payment (id, date_payment, amount_payment, body_repayment, interest_repayment, offer_id) values ('2aa3f805-c2ea-4134-b387-cda5d584d20a', '2021-01-23', 14535, 11628, 2907, '6e79a033-2b37-49fb-a6a2-36c9d5d2fc4e');
insert into schedule_payment (id, date_payment, amount_payment, body_repayment, interest_repayment, offer_id) values ('4a10e5df-0410-4765-9e68-c359b9d94648', '2021-03-05', 9605, 7684, 1921, '85e27074-e6c1-4893-92c2-057816ea0b85');
insert into schedule_payment (id, date_payment, amount_payment, body_repayment, interest_repayment, offer_id) values ('9ac5528d-033f-48d3-a381-a6c8784390aa', '2021-02-22', 8181, 6544.8, 1636.2, '2057a8a1-2225-404d-a94c-df98121d5388');
insert into schedule_payment (id, date_payment, amount_payment, body_repayment, interest_repayment, offer_id) values ('214b4bec-f7b1-46a1-9a30-720e2da6d6bc', '2021-02-14', 9215, 7372, 1843, '9c5c0f08-6c4a-4578-8059-fbd9eb0a519a');
insert into schedule_payment (id, date_payment, amount_payment, body_repayment, interest_repayment, offer_id) values ('59ed0824-659c-4ee3-aef8-f1162d3f7f5a', '2021-05-16', 13069, 10455.2, 2613.8, 'e694b6b5-d683-461c-ab95-cc8d1ff37a49');
insert into schedule_payment (id, date_payment, amount_payment, body_repayment, interest_repayment, offer_id) values ('5d997558-b595-4d7d-922f-836c51171428', '2021-02-16', 7476, 5980.8, 1495.2, '5944d9dd-95ab-44f2-819a-98e12aef1885');
insert into schedule_payment (id, date_payment, amount_payment, body_repayment, interest_repayment, offer_id) values ('ca28b4ef-889c-4721-b7c3-5963f9ee8ab2', '2021-07-03', 13708, 10966.4, 2741.6, 'b1b84857-8bd2-4d31-b79a-372049e45a4b');
insert into schedule_payment (id, date_payment, amount_payment, body_repayment, interest_repayment, offer_id) values ('bfc260cb-7eaf-4de4-b05e-da99d5aff9ef', '2021-06-02', 1658, 1326.4, 331.6, '7e3af022-4333-4cf3-bda9-144169f5798a');
insert into schedule_payment (id, date_payment, amount_payment, body_repayment, interest_repayment, offer_id) values ('d4294c96-b55a-4e6b-90ea-4bc9277d36df', '2020-12-23', 12776, 10220.8, 2555.2, '5e86b3dc-43b1-4843-98d3-bd31f3854eae');
insert into schedule_payment (id, date_payment, amount_payment, body_repayment, interest_repayment, offer_id) values ('36014fef-8d56-4829-b165-87f23b337f1b', '2020-12-23', 6013, 4810.4, 1202.6, '4523a068-7eae-44ac-ae62-5f8d479ad079');
insert into schedule_payment (id, date_payment, amount_payment, body_repayment, interest_repayment, offer_id) values ('35d5b71a-fa8e-43ce-899a-3c7db455ae04', '2021-04-25', 3831, 3064.8, 766.2, '9fa1a9de-a99a-43ff-be5c-1ea5224dbd0d');
insert into schedule_payment (id, date_payment, amount_payment, body_repayment, interest_repayment, offer_id) values ('34b9663f-e2ae-45c1-9d16-6d8cb8434d9b', '2021-04-26', 2813, 2250.4, 562.6, '362d5e6f-bc50-42b1-945d-b913ea8364db');
insert into schedule_payment (id, date_payment, amount_payment, body_repayment, interest_repayment, offer_id) values ('80a38668-64b6-47e1-8ceb-31f4b4bb101a', '2021-04-06', 3496, 2796.8, 699.2, '39c6da5b-8270-4384-a95b-f2263509b311');
insert into schedule_payment (id, date_payment, amount_payment, body_repayment, interest_repayment, offer_id) values ('86caddd6-5f2f-42ea-8acc-3587c886b4ba', '2021-02-08', 5360, 4288, 1072, '0150f011-1641-485a-ba33-523b6f6468da');
insert into schedule_payment (id, date_payment, amount_payment, body_repayment, interest_repayment, offer_id) values ('e51a2447-7f7d-494b-bdf7-c36d9e796a55', '2020-10-24', 3923, 3138.4, 784.6, 'b8e93c28-6069-4214-b7d0-595c6e5909a9');
insert into schedule_payment (id, date_payment, amount_payment, body_repayment, interest_repayment, offer_id) values ('7ad91031-b16e-4212-a664-19fe8fb7f198', '2021-09-16', 12941, 10352.8, 2588.2, '0f7eb937-ec1c-4e45-a6c4-5d08c2f8ef0f');
insert into schedule_payment (id, date_payment, amount_payment, body_repayment, interest_repayment, offer_id) values ('ea3146b1-285c-4d24-b254-c8bacb8d92a1', '2021-03-22', 3544, 2835.2, 708.8, '1ce9f264-6c19-4628-a4f2-e2c6c8d03db8');
insert into schedule_payment (id, date_payment, amount_payment, body_repayment, interest_repayment, offer_id) values ('c9e447da-870c-4c25-ba2d-d5eef95a18f8', '2020-10-16', 6676, 5340.8, 1335.2, '0e1344ca-24cf-416d-ba3f-e92e443dbb2a');
insert into schedule_payment (id, date_payment, amount_payment, body_repayment, interest_repayment, offer_id) values ('a6c40662-0865-4ccd-a115-b4aa3a0c5564', '2021-05-21', 6877, 5501.6, 1375.4, '924ad5cd-4941-4e83-9dea-7faf3dbba05e');
insert into schedule_payment (id, date_payment, amount_payment, body_repayment, interest_repayment, offer_id) values ('bb2d74ea-afa8-41be-92bc-492a14c5777c', '2021-06-01', 14202, 11361.6, 2840.4, '221c8d8e-a079-427b-9325-76c0955d8d28');
insert into schedule_payment (id, date_payment, amount_payment, body_repayment, interest_repayment, offer_id) values ('3e36267d-3d41-45a1-b6b9-d54fec05ff91', '2020-10-30', 1310, 1048, 262, '69708f5b-6adc-4b38-9f57-782aea4a802a');
insert into schedule_payment (id, date_payment, amount_payment, body_repayment, interest_repayment, offer_id) values ('12001343-27ae-44a6-b89f-7154a88c1b9e', '2021-04-21', 14657, 11725.6, 2931.4, '989214d4-f99a-4ad3-8bf9-06229332b37d');
insert into schedule_payment (id, date_payment, amount_payment, body_repayment, interest_repayment, offer_id) values ('f193de36-2906-45bc-a5e8-70b7de28a45d', '2021-06-30', 12109, 9687.2, 2421.8, '32bd32a2-6f4e-4e8f-8a12-24285354362a');
insert into schedule_payment (id, date_payment, amount_payment, body_repayment, interest_repayment, offer_id) values ('66e334bc-f89b-41da-9303-7acbef1695b5', '2021-05-24', 12651, 10120.8, 2530.2, '3199dff1-2f65-4b65-8678-0817cc334eb5');
insert into schedule_payment (id, date_payment, amount_payment, body_repayment, interest_repayment, offer_id) values ('6eeef54b-3555-489f-b839-4d7b4068175e', '2021-07-14', 5197, 4157.6, 1039.4, '4d918185-e965-4f80-a26b-7793f2d8ced4');
insert into schedule_payment (id, date_payment, amount_payment, body_repayment, interest_repayment, offer_id) values ('68f2b55a-825d-4072-a94e-f05129b853ec', '2021-04-12', 1735, 1388, 347, '6cb75357-ad45-4dd3-b74b-30813bbfa2ef');
insert into schedule_payment (id, date_payment, amount_payment, body_repayment, interest_repayment, offer_id) values ('20470341-8fe8-442d-a87e-28519eb822b7', '2021-08-12', 14933, 11946.4, 2986.6, '9aa898a5-8dbb-410f-acc5-f627e0380547');
insert into schedule_payment (id, date_payment, amount_payment, body_repayment, interest_repayment, offer_id) values ('fcabfbfe-2d2f-48c2-a091-46ed6276c948', '2020-11-29', 10763, 8610.4, 2152.6, '4d6db957-db57-40c1-aed1-26c666461277');
insert into schedule_payment (id, date_payment, amount_payment, body_repayment, interest_repayment, offer_id) values ('878d7c45-d5b4-4a1c-9799-949a0cb8a031', '2021-03-06', 10912, 8729.6, 2182.4, 'db181a09-dcac-44f1-85f6-33f4ece5f4cd');
insert into schedule_payment (id, date_payment, amount_payment, body_repayment, interest_repayment, offer_id) values ('edaa1fbe-49fb-464f-b66c-d5136ba474b2', '2021-02-04', 9868, 7894.4, 1973.6, '560d116a-439a-4741-a7e5-2ce158e79767');
insert into schedule_payment (id, date_payment, amount_payment, body_repayment, interest_repayment, offer_id) values ('9e8dfc2c-ddb9-4daa-8cea-fa5242562ecf', '2021-01-23', 13923, 11138.4, 2784.6, '59c404c8-08e7-42e0-a26b-e7b90cfbd920');
insert into schedule_payment (id, date_payment, amount_payment, body_repayment, interest_repayment, offer_id) values ('c3e96092-7127-462e-97e6-b16f69646fa8', '2021-03-20', 13245, 10596, 2649, 'fa7e480b-db24-4d61-9b8c-2cf2e57defb0');
insert into schedule_payment (id, date_payment, amount_payment, body_repayment, interest_repayment, offer_id) values ('81e3e5dd-1f23-4ae2-bb0c-de26905b16d6', '2021-04-20', 11669, 9335.2, 2333.8, 'cce77a54-24ea-43ef-993b-ab11cb654583');
insert into schedule_payment (id, date_payment, amount_payment, body_repayment, interest_repayment, offer_id) values ('33a526b0-489c-4586-b927-f73a8f382adb', '2021-05-26', 5561, 4448.8, 1112.2, 'fe3990f3-fdc9-4a68-af2c-c08c7c9e3a25');
insert into schedule_payment (id, date_payment, amount_payment, body_repayment, interest_repayment, offer_id) values ('64b309b6-3dfb-4e8e-a746-e2936f8190e2', '2021-06-29', 11434, 9147.2, 2286.8, '9840728c-75d0-4f87-8031-42afda9dcff2');
insert into schedule_payment (id, date_payment, amount_payment, body_repayment, interest_repayment, offer_id) values ('dd01e066-4de5-47ce-a36f-9d64c90755e4', '2021-02-01', 1561, 1248.8, 312.2, '338c8b24-d2d1-44cf-90b4-d460e3c6ac84');
insert into schedule_payment (id, date_payment, amount_payment, body_repayment, interest_repayment, offer_id) values ('a63e6df5-55a3-4580-b52c-fb39e1e80320', '2021-07-12', 14793, 11834.4, 2958.6, '4f8d670c-a5c2-423f-8121-a5fb8ebd3715');
insert into schedule_payment (id, date_payment, amount_payment, body_repayment, interest_repayment, offer_id) values ('b75b9e9d-c0c3-4ac1-bca0-08e7088765c1', '2021-06-12', 14706, 11764.8, 2941.2, '7c5ac0ee-fc5d-4c87-bc6f-53fedd36328c');
insert into schedule_payment (id, date_payment, amount_payment, body_repayment, interest_repayment, offer_id) values ('ba893f49-e546-4126-8adb-a2cec415bc1e', '2021-07-08', 2193, 1754.4, 438.6, '9b3422d1-c6f2-41b6-8a19-4e3b70699b0a');
insert into schedule_payment (id, date_payment, amount_payment, body_repayment, interest_repayment, offer_id) values ('e0957abd-b6d6-4f13-8c53-c2ceac70a63e', '2021-03-09', 2905, 2324, 581, '6f7a9260-d1ac-4359-ba5c-9d36b5c60b43');
insert into schedule_payment (id, date_payment, amount_payment, body_repayment, interest_repayment, offer_id) values ('ec903b30-29a4-44bf-b4e8-f31d81c079ff', '2021-05-15', 12515, 10012, 2503, '87a01b5c-a7ad-4647-868c-df46125781a3');
insert into schedule_payment (id, date_payment, amount_payment, body_repayment, interest_repayment, offer_id) values ('b02e89ca-dde8-4c75-b196-f588512c7c8b', '2021-06-08', 2808, 2246.4, 561.6, '11d8de38-9f4e-4726-a5f7-f7c5fc235d30');
insert into schedule_payment (id, date_payment, amount_payment, body_repayment, interest_repayment, offer_id) values ('1958ea1a-1c29-48ab-b6d3-e86968d55fdc', '2021-01-03', 10737, 8589.6, 2147.4, '0e7ddef3-e8aa-4460-927e-25c831d4e0cb');
insert into schedule_payment (id, date_payment, amount_payment, body_repayment, interest_repayment, offer_id) values ('91491711-5f4a-4042-8f5c-b079bb21f0b9', '2021-06-28', 4573, 3658.4, 914.6, '39791b05-f4af-4619-a789-c895355a0aae');
insert into schedule_payment (id, date_payment, amount_payment, body_repayment, interest_repayment, offer_id) values ('54f18df0-5a3e-43ab-9edc-ceaaf18fba3f', '2020-09-24', 9776, 7820.8, 1955.2, '8e79e0d2-0cb5-49be-b668-f908143f7237');
insert into schedule_payment (id, date_payment, amount_payment, body_repayment, interest_repayment, offer_id) values ('b86ee1af-bf3d-4ad5-a630-884cfd284d5b', '2021-06-28', 6730, 5384, 1346, '6abe63fc-bbd4-4fd3-9cec-d726ec234d13');
insert into schedule_payment (id, date_payment, amount_payment, body_repayment, interest_repayment, offer_id) values ('ca32cfce-b6b5-4603-900d-fa7103ac2ed8', '2021-06-11', 12095, 9676, 2419, '5cce4df9-fe3b-47bd-a3e5-dddffcc3cb14');
insert into schedule_payment (id, date_payment, amount_payment, body_repayment, interest_repayment, offer_id) values ('ae742b38-a7f1-4c3e-84f7-cd6a8d8169f6', '2020-12-31', 7347, 5877.6, 1469.4, '18f496a3-f443-4da7-9444-5738dcf09683');
insert into schedule_payment (id, date_payment, amount_payment, body_repayment, interest_repayment, offer_id) values ('e34b82c5-24c2-4238-9ff4-d2087ce13bb1', '2020-11-21', 6075, 4860, 1215, 'b8aa6cdf-b491-4a41-bbbb-5e43c5b34dd1');
insert into schedule_payment (id, date_payment, amount_payment, body_repayment, interest_repayment, offer_id) values ('afbd8f60-efc7-43c3-b6e3-62b9005c0610', '2021-03-26', 11672, 9337.6, 2334.4, '2c8393ab-bf1d-4cdd-b402-6d06a116534b');
insert into schedule_payment (id, date_payment, amount_payment, body_repayment, interest_repayment, offer_id) values ('9aaed3c4-0f44-45a0-b7dc-b84cc36c1e4c', '2021-04-03', 7593, 6074.4, 1518.6, '8c999782-2eb6-4f1a-9d84-d556d0c5eb2a');
insert into schedule_payment (id, date_payment, amount_payment, body_repayment, interest_repayment, offer_id) values ('418f4a00-ecb2-4206-a270-7f28b3f8c469', '2021-01-02', 9093, 7274.4, 1818.6, 'd566edf3-17ac-4bdf-8d95-830a2fb15d89');
insert into schedule_payment (id, date_payment, amount_payment, body_repayment, interest_repayment, offer_id) values ('adc2d548-9137-4f5b-a387-9ee02a3fa9d4', '2021-01-23', 7749, 6199.2, 1549.8, '5d4cb77a-3dac-480b-b618-d2a60bd22e4a');
insert into schedule_payment (id, date_payment, amount_payment, body_repayment, interest_repayment, offer_id) values ('90b2c6a2-3fb2-4841-b9be-a4b73243a562', '2021-08-27', 9303, 7442.4, 1860.6, 'e22e36c7-8a57-4f2b-b4f1-c92760ccfbca');
insert into schedule_payment (id, date_payment, amount_payment, body_repayment, interest_repayment, offer_id) values ('d34dc4d9-2175-4560-8591-9c7d488a82f2', '2021-01-12', 8991, 7192.8, 1798.2, '5485025a-6299-4b12-ba25-4f067b58c7c2');
insert into schedule_payment (id, date_payment, amount_payment, body_repayment, interest_repayment, offer_id) values ('9005188d-b18f-4ac4-b3d2-8fafaa684a44', '2021-07-15', 1705, 1364, 341, 'aa8d40fe-f614-43f8-897c-a338d6203147');
insert into schedule_payment (id, date_payment, amount_payment, body_repayment, interest_repayment, offer_id) values ('d9b3153e-923c-4795-b7f2-ef3136075b35', '2021-08-31', 14068, 11254.4, 2813.6, '9111db81-325b-4784-a9a5-1a65df1b435e');
insert into schedule_payment (id, date_payment, amount_payment, body_repayment, interest_repayment, offer_id) values ('2da66fc2-c5e2-429e-8e3a-100ad3ccdb7a', '2021-04-21', 1867, 1493.6, 373.4, 'adfd4601-acef-4cc3-97ef-6a08cdaa98ef');
insert into schedule_payment (id, date_payment, amount_payment, body_repayment, interest_repayment, offer_id) values ('a327704f-4711-473e-91e8-d0b04cbf0a7d', '2021-02-02', 3161, 2528.8, 632.2, 'd4b4827f-d98f-4023-a787-8f74b60bdd45');
insert into schedule_payment (id, date_payment, amount_payment, body_repayment, interest_repayment, offer_id) values ('bb362a4e-6625-43ef-9e7b-b2c451ca9a06', '2020-12-29', 14940, 11952, 2988, 'fa72f5c5-aa8f-40cf-92c7-546f0996c844');
insert into schedule_payment (id, date_payment, amount_payment, body_repayment, interest_repayment, offer_id) values ('131cc3b6-e83e-4cf6-af95-9f58485c1c39', '2021-01-29', 9818, 7854.4, 1963.6, '151513fe-6b52-44d6-8a62-c09e31926f4d');
insert into schedule_payment (id, date_payment, amount_payment, body_repayment, interest_repayment, offer_id) values ('cfdf4d21-94ae-4479-a62e-70530cbf6511', '2021-06-06', 4239, 3391.2, 847.8, '9f9d48f8-109d-43c9-bfce-5430aeedbb3f');
insert into schedule_payment (id, date_payment, amount_payment, body_repayment, interest_repayment, offer_id) values ('d46317bf-1fd6-4ce6-aca4-557159fe3574', '2021-04-13', 12494, 9995.2, 2498.8, 'b31c9021-722b-461d-8934-3fc3afb9518f');
insert into schedule_payment (id, date_payment, amount_payment, body_repayment, interest_repayment, offer_id) values ('42c94bfe-32a0-49cb-aa75-620b3a21c4ca', '2021-02-22', 8724, 6979.2, 1744.8, 'c3982c39-0eb1-4363-a0bd-0c1756b2dbd3');
insert into schedule_payment (id, date_payment, amount_payment, body_repayment, interest_repayment, offer_id) values ('3d2cf2e8-3652-4d46-8e33-a90382436e80', '2020-09-28', 11110, 8888, 2222, '7073a24a-a172-4a1f-9410-a690f43511b2');
insert into schedule_payment (id, date_payment, amount_payment, body_repayment, interest_repayment, offer_id) values ('acf51aab-be6e-4b2c-a61d-f8b349d8136e', '2021-02-05', 5353, 4282.4, 1070.6, 'ed0e2847-960a-4101-aa71-994814959244');
insert into schedule_payment (id, date_payment, amount_payment, body_repayment, interest_repayment, offer_id) values ('d644b17c-2d06-4207-8557-d0a7357e3bf8', '2021-07-21', 10856, 8684.8, 2171.2, '6116e37c-4a28-42f1-862f-a7ed96f65ecb');
insert into schedule_payment (id, date_payment, amount_payment, body_repayment, interest_repayment, offer_id) values ('c60168c6-ff71-4a40-8fce-fa39c6eff8cd', '2020-11-08', 8202, 6561.6, 1640.4, 'e93f8f93-a8b3-4fbe-87f6-f3976d49d17c');
insert into schedule_payment (id, date_payment, amount_payment, body_repayment, interest_repayment, offer_id) values ('1652bdf9-ab5d-466c-a91f-aafda1537038', '2021-07-11', 11791, 9432.8, 2358.2, '510b8acb-863f-4ac3-9c1c-7573c8983fca');
insert into schedule_payment (id, date_payment, amount_payment, body_repayment, interest_repayment, offer_id) values ('bfdff422-2642-450c-88d9-3b55d808aec7', '2020-11-22', 14582, 11665.6, 2916.4, '6653e6a6-6b7a-4249-9aa1-40afd1b9ee77');
insert into schedule_payment (id, date_payment, amount_payment, body_repayment, interest_repayment, offer_id) values ('a23692b9-b557-49f1-ab08-ccc715ff7bbc', '2021-07-15', 11880, 9504, 2376, '531ba920-e7c7-446a-9ad5-34d5ebabfa2e');
insert into schedule_payment (id, date_payment, amount_payment, body_repayment, interest_repayment, offer_id) values ('1c0533c4-b798-45ff-a045-01907d6e02f7', '2020-11-28', 3866, 3092.8, 773.2, '3dcf708c-3400-4b47-b52a-cafe790997cd');
insert into schedule_payment (id, date_payment, amount_payment, body_repayment, interest_repayment, offer_id) values ('85a46e38-57eb-400a-ae8d-c7ec8a58955e', '2020-11-03', 9279, 7423.2, 1855.8, '8a1e6156-6697-4927-9ff2-f5977a20781a');
insert into schedule_payment (id, date_payment, amount_payment, body_repayment, interest_repayment, offer_id) values ('e7123a1c-6d79-4be2-884e-b7aebb62260c', '2020-11-17', 10855, 8684, 2171, '4ef89fb3-283e-46c8-be43-a5a1c8cb3848');
insert into schedule_payment (id, date_payment, amount_payment, body_repayment, interest_repayment, offer_id) values ('534b307e-b233-4772-8d74-568d764d8663', '2021-02-03', 1466, 1172.8, 293.2, '9dfca2b0-3f64-4091-9d50-eb5d987eb1da');
insert into schedule_payment (id, date_payment, amount_payment, body_repayment, interest_repayment, offer_id) values ('c8a6a043-d68f-4bb2-87bc-ef1b244610e3', '2021-09-09', 14971, 11976.8, 2994.2, '1849bab0-4b95-4eb8-b2a2-4d51eed88c53');
insert into schedule_payment (id, date_payment, amount_payment, body_repayment, interest_repayment, offer_id) values ('98e35d97-5efc-4354-b92c-d1dcc2aca770', '2020-11-15', 4108, 3286.4, 821.6, '10312530-4dd1-4c5f-bd36-cd7cd15b32a8');
insert into schedule_payment (id, date_payment, amount_payment, body_repayment, interest_repayment, offer_id) values ('22f1ab39-bd59-46f0-a141-f80bbd859b67', '2021-06-29', 1052, 841.6, 210.4, 'c7d0f815-2067-4f73-ae26-130853f5e278');
insert into schedule_payment (id, date_payment, amount_payment, body_repayment, interest_repayment, offer_id) values ('db7b592b-e668-494f-9f1f-de3c0d806dcc', '2021-05-30', 1847, 1477.6, 369.4, 'ec3d66c8-de99-4d16-88ec-93343b39b8e2');
insert into schedule_payment (id, date_payment, amount_payment, body_repayment, interest_repayment, offer_id) values ('799c2dd2-e889-4bca-ba4b-0d1ace99a525', '2021-03-29', 12033, 9626.4, 2406.6, '7ee1a0fa-b2c3-4878-94aa-8202108de3f0');
insert into schedule_payment (id, date_payment, amount_payment, body_repayment, interest_repayment, offer_id) values ('ff654c0c-cf03-4240-bd16-7a6a8d0623cd', '2021-09-15', 5281, 4224.8, 1056.2, 'ad201abd-f299-4a0b-af58-86ea06ee1f68');
insert into schedule_payment (id, date_payment, amount_payment, body_repayment, interest_repayment, offer_id) values ('5369f717-dcba-4959-8dd3-199ee43f5a3e', '2021-04-11', 1690, 1352, 338, 'af51fbd3-4e2e-490c-867d-7cc4ee0b99ff');
insert into schedule_payment (id, date_payment, amount_payment, body_repayment, interest_repayment, offer_id) values ('de52eab8-e0d2-4148-9431-983a22da4a16', '2021-03-31', 3659, 2927.2, 731.8, 'ecc71c9c-d611-4140-ab9b-c3d8ac579bf3');
insert into schedule_payment (id, date_payment, amount_payment, body_repayment, interest_repayment, offer_id) values ('11737f2e-2a60-4271-8b65-966f8ed2f2f8', '2021-01-12', 2816, 2252.8, 563.2, 'e023c29f-6e8d-4cca-acb8-e5a787af691e');
insert into schedule_payment (id, date_payment, amount_payment, body_repayment, interest_repayment, offer_id) values ('4bbb34c7-be61-4d87-aa95-eb522bbcd4be', '2020-10-05', 11766, 9412.8, 2353.2, 'cf975447-5f7f-409a-b686-ca41fa11e63b');
insert into schedule_payment (id, date_payment, amount_payment, body_repayment, interest_repayment, offer_id) values ('ab2203e7-c3e3-481c-8c2c-5da56d4f57ac', '2020-12-16', 10901, 8720.8, 2180.2, '4a4fcc89-f641-4ec8-8947-bdca0edd6f19');
insert into schedule_payment (id, date_payment, amount_payment, body_repayment, interest_repayment, offer_id) values ('41958e64-d6fd-45b7-9b8a-de5c730562c0', '2021-01-18', 7417, 5933.6, 1483.4, '47ac794b-d861-4900-bf8c-8e5c317d683e');
insert into schedule_payment (id, date_payment, amount_payment, body_repayment, interest_repayment, offer_id) values ('668d86bc-9eea-46a5-aefa-565c20826a78', '2021-07-10', 4344, 3475.2, 868.8, 'f0939c23-c377-4d50-a0df-412655cdd46d');
insert into schedule_payment (id, date_payment, amount_payment, body_repayment, interest_repayment, offer_id) values ('b2e4f57b-390b-4157-924e-baf73565f4a9', '2021-03-17', 4996, 3996.8, 999.2, '4e3d0164-9a9f-47c3-ac05-9ca6b8c2a967');
insert into schedule_payment (id, date_payment, amount_payment, body_repayment, interest_repayment, offer_id) values ('6eba27c8-35c8-4494-bcbe-9f5a1e3441ef', '2021-08-03', 11714, 9371.2, 2342.8, '7bbf0a7c-46a6-42a3-aaac-b4733f1b9c2f');
insert into schedule_payment (id, date_payment, amount_payment, body_repayment, interest_repayment, offer_id) values ('aa2d61f9-3587-4b6a-895d-5143cbb1bef1', '2020-10-29', 11470, 9176, 2294, 'e7936c09-eb4f-4c67-9789-ee7b8ceaf5b8');
insert into schedule_payment (id, date_payment, amount_payment, body_repayment, interest_repayment, offer_id) values ('5a5a76f0-6dbb-47d3-91bf-377991f185f5', '2021-02-08', 7140, 5712, 1428, 'f2fce4b4-368d-41aa-a970-ef3717c1173b');
insert into schedule_payment (id, date_payment, amount_payment, body_repayment, interest_repayment, offer_id) values ('81b3be12-7956-45c9-b329-556330727813', '2021-03-27', 7540, 6032, 1508, '2bfbe4ab-2d02-478e-8ff5-fd415552fa09');
insert into schedule_payment (id, date_payment, amount_payment, body_repayment, interest_repayment, offer_id) values ('10382275-3e88-49f0-a5eb-c0c48ee35395', '2020-11-03', 10690, 8552, 2138, '4999e3cf-2d28-45ac-ada2-50ef0ba1e8fe');
insert into schedule_payment (id, date_payment, amount_payment, body_repayment, interest_repayment, offer_id) values ('1f2b635c-9be3-482d-8866-c6dec7d617df', '2020-09-29', 10365, 8292, 2073, '078e590a-6099-4e75-843e-567bc083f9c6');
insert into schedule_payment (id, date_payment, amount_payment, body_repayment, interest_repayment, offer_id) values ('408ad1d1-66a1-4392-b62b-8e10bf6a2642', '2021-03-15', 9798, 7838.4, 1959.6, '5d7532f9-57a2-4c0e-8259-48eec51bafa8');
insert into schedule_payment (id, date_payment, amount_payment, body_repayment, interest_repayment, offer_id) values ('518abf99-1e8e-486b-a540-13c699430d61', '2021-07-01', 10453, 8362.4, 2090.6, 'c1927662-2efc-40a5-8ab3-c018e4f4724f');
insert into schedule_payment (id, date_payment, amount_payment, body_repayment, interest_repayment, offer_id) values ('bd4685c3-26d8-471f-aa06-96401cd29c63', '2021-05-18', 13778, 11022.4, 2755.6, 'c614b249-3741-46b8-8c0f-ad1c30c299ef');
insert into schedule_payment (id, date_payment, amount_payment, body_repayment, interest_repayment, offer_id) values ('a4abafcd-e227-4dfc-9a9c-3fd0c818127c', '2021-06-22', 10771, 8616.8, 2154.2, '1ffd97c2-47b2-420c-9872-2250cce0dff5');
insert into schedule_payment (id, date_payment, amount_payment, body_repayment, interest_repayment, offer_id) values ('4da173a2-6239-4965-a2f6-41044ae4fc64', '2021-01-26', 1214, 971.2, 242.8, 'a6b9606a-5623-4bc5-9c50-37f34f118e09');
insert into schedule_payment (id, date_payment, amount_payment, body_repayment, interest_repayment, offer_id) values ('f9580097-937e-4fdd-8549-66147f62cdc4', '2021-02-18', 10842, 8673.6, 2168.4, '6e79a033-2b37-49fb-a6a2-36c9d5d2fc4e');
insert into schedule_payment (id, date_payment, amount_payment, body_repayment, interest_repayment, offer_id) values ('2a1c0ea4-77f5-486c-8ea0-c6b865dd9021', '2021-02-17', 3448, 2758.4, 689.6, '85e27074-e6c1-4893-92c2-057816ea0b85');
insert into schedule_payment (id, date_payment, amount_payment, body_repayment, interest_repayment, offer_id) values ('1348af92-0c76-4315-ab84-55fa32a3a9f2', '2021-06-17', 9600, 7680, 1920, '2057a8a1-2225-404d-a94c-df98121d5388');
insert into schedule_payment (id, date_payment, amount_payment, body_repayment, interest_repayment, offer_id) values ('0c111c79-1265-47dd-9798-2ec9fb15b46e', '2021-08-03', 11051, 8840.8, 2210.2, '9c5c0f08-6c4a-4578-8059-fbd9eb0a519a');
insert into schedule_payment (id, date_payment, amount_payment, body_repayment, interest_repayment, offer_id) values ('a6f171d5-9899-44ed-8587-f76f0e1ed565', '2021-02-13', 8193, 6554.4, 1638.6, 'e694b6b5-d683-461c-ab95-cc8d1ff37a49');
insert into schedule_payment (id, date_payment, amount_payment, body_repayment, interest_repayment, offer_id) values ('763ad97c-1e7b-4dbd-909b-1181556cedf8', '2021-05-10', 13192, 10553.6, 2638.4, '5944d9dd-95ab-44f2-819a-98e12aef1885');
insert into schedule_payment (id, date_payment, amount_payment, body_repayment, interest_repayment, offer_id) values ('adea03b9-f2ea-4d03-a0a5-8e11c9f4b399', '2021-09-20', 14068, 11254.4, 2813.6, 'b1b84857-8bd2-4d31-b79a-372049e45a4b');
insert into schedule_payment (id, date_payment, amount_payment, body_repayment, interest_repayment, offer_id) values ('bda03785-84c1-4e5c-94fa-71f2bfaa4d62', '2021-01-02', 12055, 9644, 2411, '7e3af022-4333-4cf3-bda9-144169f5798a');
insert into schedule_payment (id, date_payment, amount_payment, body_repayment, interest_repayment, offer_id) values ('8e5a863a-1fc0-44c7-94bf-1d8fb7c75f9e', '2021-09-11', 5713, 4570.4, 1142.6, '5e86b3dc-43b1-4843-98d3-bd31f3854eae');
insert into schedule_payment (id, date_payment, amount_payment, body_repayment, interest_repayment, offer_id) values ('31bd57b8-90cc-41f8-87fe-df4a67729127', '2021-02-19', 9402, 7521.6, 1880.4, '4523a068-7eae-44ac-ae62-5f8d479ad079');
insert into schedule_payment (id, date_payment, amount_payment, body_repayment, interest_repayment, offer_id) values ('0322906b-8241-49a5-b22e-cad601bd1ed5', '2021-01-22', 1906, 1524.8, 381.2, '9fa1a9de-a99a-43ff-be5c-1ea5224dbd0d');
insert into schedule_payment (id, date_payment, amount_payment, body_repayment, interest_repayment, offer_id) values ('b795e28d-e276-4122-9496-4508b06e92be', '2021-06-12', 14265, 11412, 2853, '362d5e6f-bc50-42b1-945d-b913ea8364db');
insert into schedule_payment (id, date_payment, amount_payment, body_repayment, interest_repayment, offer_id) values ('7dc94154-9980-42b9-a69b-3662d8304621', '2021-03-11', 6508, 5206.4, 1301.6, '39c6da5b-8270-4384-a95b-f2263509b311');
insert into schedule_payment (id, date_payment, amount_payment, body_repayment, interest_repayment, offer_id) values ('a3d50246-aeac-4ee3-9623-02b34b59fc43', '2021-05-14', 11945, 9556, 2389, '0150f011-1641-485a-ba33-523b6f6468da');
insert into schedule_payment (id, date_payment, amount_payment, body_repayment, interest_repayment, offer_id) values ('823bad23-a4b4-4a17-b055-046959b78589', '2021-07-15', 6671, 5336.8, 1334.2, 'b8e93c28-6069-4214-b7d0-595c6e5909a9');
insert into schedule_payment (id, date_payment, amount_payment, body_repayment, interest_repayment, offer_id) values ('de15b2ff-9250-4e71-a808-1e99f797ee86', '2021-05-31', 9375, 7500, 1875, '0f7eb937-ec1c-4e45-a6c4-5d08c2f8ef0f');
insert into schedule_payment (id, date_payment, amount_payment, body_repayment, interest_repayment, offer_id) values ('35fbab6a-425e-413a-acc3-0507514bf9c9', '2020-11-19', 12843, 10274.4, 2568.6, '1ce9f264-6c19-4628-a4f2-e2c6c8d03db8');
insert into schedule_payment (id, date_payment, amount_payment, body_repayment, interest_repayment, offer_id) values ('07a7b470-1b88-4c8b-be35-566fa07dd89f', '2021-07-09', 7231, 5784.8, 1446.2, '0e1344ca-24cf-416d-ba3f-e92e443dbb2a');
insert into schedule_payment (id, date_payment, amount_payment, body_repayment, interest_repayment, offer_id) values ('95b1c616-3612-410a-bcf3-0e3d5a9f8a7f', '2021-05-05', 14739, 11791.2, 2947.8, '924ad5cd-4941-4e83-9dea-7faf3dbba05e');
insert into schedule_payment (id, date_payment, amount_payment, body_repayment, interest_repayment, offer_id) values ('95633184-0755-4b2f-a6f3-6f8f1d262dc4', '2020-11-02', 14579, 11663.2, 2915.8, '221c8d8e-a079-427b-9325-76c0955d8d28');
insert into schedule_payment (id, date_payment, amount_payment, body_repayment, interest_repayment, offer_id) values ('6d0cc022-ce4e-4a10-bf93-51a581706141', '2021-08-26', 4115, 3292, 823, '69708f5b-6adc-4b38-9f57-782aea4a802a');
insert into schedule_payment (id, date_payment, amount_payment, body_repayment, interest_repayment, offer_id) values ('cc3aa747-5751-4fff-87c5-44722adb6355', '2021-01-07', 10956, 8764.8, 2191.2, '989214d4-f99a-4ad3-8bf9-06229332b37d');
insert into schedule_payment (id, date_payment, amount_payment, body_repayment, interest_repayment, offer_id) values ('e8fb645c-43cb-47e0-8e97-4c3c522d6dd2', '2021-07-09', 13273, 10618.4, 2654.6, '32bd32a2-6f4e-4e8f-8a12-24285354362a');
insert into schedule_payment (id, date_payment, amount_payment, body_repayment, interest_repayment, offer_id) values ('77e3eec0-ac27-4a8c-803b-3c9ec6cf6fc3', '2021-09-21', 12969, 10375.2, 2593.8, '3199dff1-2f65-4b65-8678-0817cc334eb5');
insert into schedule_payment (id, date_payment, amount_payment, body_repayment, interest_repayment, offer_id) values ('c5e79167-9dc2-433e-9be9-17ee59b58388', '2020-12-19', 5650, 4520, 1130, '4d918185-e965-4f80-a26b-7793f2d8ced4');
insert into schedule_payment (id, date_payment, amount_payment, body_repayment, interest_repayment, offer_id) values ('61e8e9a8-8a89-4c85-a492-45266d112a72', '2020-11-14', 6825, 5460, 1365, '6cb75357-ad45-4dd3-b74b-30813bbfa2ef');
insert into schedule_payment (id, date_payment, amount_payment, body_repayment, interest_repayment, offer_id) values ('b4f3b372-9e78-4975-bc3e-625a6cc5319c', '2021-07-01', 1138, 910.4, 227.6, '9aa898a5-8dbb-410f-acc5-f627e0380547');
insert into schedule_payment (id, date_payment, amount_payment, body_repayment, interest_repayment, offer_id) values ('5431d8c7-0244-4307-99ec-cf54116336b7', '2021-07-22', 4696, 3756.8, 939.2, '4d6db957-db57-40c1-aed1-26c666461277');
insert into schedule_payment (id, date_payment, amount_payment, body_repayment, interest_repayment, offer_id) values ('a296686f-1163-4ec7-a93b-16d47b2502d4', '2021-07-16', 12145, 9716, 2429, 'db181a09-dcac-44f1-85f6-33f4ece5f4cd');
insert into schedule_payment (id, date_payment, amount_payment, body_repayment, interest_repayment, offer_id) values ('63e19796-edb5-4b37-a606-b941e74d5f8f', '2020-12-21', 8839, 7071.2, 1767.8, '560d116a-439a-4741-a7e5-2ce158e79767');
insert into schedule_payment (id, date_payment, amount_payment, body_repayment, interest_repayment, offer_id) values ('c6f898ee-a6dd-4add-82c4-057bfc7e6a7f', '2021-09-13', 4235, 3388, 847, '59c404c8-08e7-42e0-a26b-e7b90cfbd920');
insert into schedule_payment (id, date_payment, amount_payment, body_repayment, interest_repayment, offer_id) values ('fea9aa83-b0fe-4b22-870c-0d2788afaca5', '2020-11-19', 1228, 982.4, 245.6, 'fa7e480b-db24-4d61-9b8c-2cf2e57defb0');
insert into schedule_payment (id, date_payment, amount_payment, body_repayment, interest_repayment, offer_id) values ('3c8c3547-2d26-40e3-a456-a7db99e36cf7', '2021-07-28', 10563, 8450.4, 2112.6, 'cce77a54-24ea-43ef-993b-ab11cb654583');
insert into schedule_payment (id, date_payment, amount_payment, body_repayment, interest_repayment, offer_id) values ('45c673db-eb7f-4cbd-aa00-48ef75d6c8e4', '2021-07-05', 12693, 10154.4, 2538.6, 'fe3990f3-fdc9-4a68-af2c-c08c7c9e3a25');
insert into schedule_payment (id, date_payment, amount_payment, body_repayment, interest_repayment, offer_id) values ('57a32d75-8d1f-44c8-ba0b-315297fef9cc', '2021-02-15', 10715, 8572, 2143, '9840728c-75d0-4f87-8031-42afda9dcff2');
insert into schedule_payment (id, date_payment, amount_payment, body_repayment, interest_repayment, offer_id) values ('44816bc3-c889-4998-ae47-4e3d503efa37', '2020-09-27', 7822, 6257.6, 1564.4, '338c8b24-d2d1-44cf-90b4-d460e3c6ac84');
insert into schedule_payment (id, date_payment, amount_payment, body_repayment, interest_repayment, offer_id) values ('afece183-4add-4518-9f9e-1c7812ccce36', '2021-06-18', 4748, 3798.4, 949.6, '4f8d670c-a5c2-423f-8121-a5fb8ebd3715');
insert into schedule_payment (id, date_payment, amount_payment, body_repayment, interest_repayment, offer_id) values ('652ff5be-734f-4489-bc6a-92465a1f4f2b', '2021-01-06', 11430, 9144, 2286, '7c5ac0ee-fc5d-4c87-bc6f-53fedd36328c');
insert into schedule_payment (id, date_payment, amount_payment, body_repayment, interest_repayment, offer_id) values ('1b8be3fc-0917-49b9-9a53-cbf2e779332c', '2021-07-28', 7825, 6260, 1565, '9b3422d1-c6f2-41b6-8a19-4e3b70699b0a');
insert into schedule_payment (id, date_payment, amount_payment, body_repayment, interest_repayment, offer_id) values ('28c080ce-6b58-4f22-af3e-f09fee7b4a6e', '2021-08-05', 14762, 11809.6, 2952.4, '6f7a9260-d1ac-4359-ba5c-9d36b5c60b43');
insert into schedule_payment (id, date_payment, amount_payment, body_repayment, interest_repayment, offer_id) values ('b5dcbf31-2592-46a0-82d4-c5088740013e', '2020-11-28', 9278, 7422.4, 1855.6, '87a01b5c-a7ad-4647-868c-df46125781a3');
insert into schedule_payment (id, date_payment, amount_payment, body_repayment, interest_repayment, offer_id) values ('3b5e4a57-1a04-4787-8d63-1a27b174292c', '2020-12-15', 3543, 2834.4, 708.6, '11d8de38-9f4e-4726-a5f7-f7c5fc235d30');
insert into schedule_payment (id, date_payment, amount_payment, body_repayment, interest_repayment, offer_id) values ('3acd523e-ffe2-4376-8e66-bad3565b8df0', '2021-03-19', 9736, 7788.8, 1947.2, '0e7ddef3-e8aa-4460-927e-25c831d4e0cb');
insert into schedule_payment (id, date_payment, amount_payment, body_repayment, interest_repayment, offer_id) values ('62fce88c-28ce-4d17-8991-a15820cef90c', '2021-08-28', 4122, 3297.6, 824.4, '39791b05-f4af-4619-a789-c895355a0aae');
insert into schedule_payment (id, date_payment, amount_payment, body_repayment, interest_repayment, offer_id) values ('516d7012-ebc6-4aab-8e39-45eeb44f327b', '2021-02-20', 13059, 10447.2, 2611.8, '8e79e0d2-0cb5-49be-b668-f908143f7237');
insert into schedule_payment (id, date_payment, amount_payment, body_repayment, interest_repayment, offer_id) values ('01a4e949-4e00-4ede-81e4-ddb6a54ecc96', '2020-09-30', 9876, 7900.8, 1975.2, '6abe63fc-bbd4-4fd3-9cec-d726ec234d13');
insert into schedule_payment (id, date_payment, amount_payment, body_repayment, interest_repayment, offer_id) values ('c5e00235-e8f3-4a0c-b9f8-4d06a2ca97ba', '2021-02-07', 3981, 3184.8, 796.2, '5cce4df9-fe3b-47bd-a3e5-dddffcc3cb14');
insert into schedule_payment (id, date_payment, amount_payment, body_repayment, interest_repayment, offer_id) values ('4bc86638-32b5-4ddd-8f7d-aaf00d3a02cf', '2021-04-23', 5540, 4432, 1108, '18f496a3-f443-4da7-9444-5738dcf09683');
insert into schedule_payment (id, date_payment, amount_payment, body_repayment, interest_repayment, offer_id) values ('34b38e81-17e1-4982-b402-68158dbaddab', '2021-04-09', 11698, 9358.4, 2339.6, 'b8aa6cdf-b491-4a41-bbbb-5e43c5b34dd1');
insert into schedule_payment (id, date_payment, amount_payment, body_repayment, interest_repayment, offer_id) values ('d213aab7-f9af-4b08-be95-0a63c8320847', '2021-01-26', 12706, 10164.8, 2541.2, '2c8393ab-bf1d-4cdd-b402-6d06a116534b');
insert into schedule_payment (id, date_payment, amount_payment, body_repayment, interest_repayment, offer_id) values ('91fce114-193a-4c14-9d54-77a73202a6e1', '2020-12-29', 5373, 4298.4, 1074.6, '8c999782-2eb6-4f1a-9d84-d556d0c5eb2a');
insert into schedule_payment (id, date_payment, amount_payment, body_repayment, interest_repayment, offer_id) values ('6ae3528a-93a4-4384-acca-4bf32642920d', '2021-03-24', 13174, 10539.2, 2634.8, 'd566edf3-17ac-4bdf-8d95-830a2fb15d89');
insert into schedule_payment (id, date_payment, amount_payment, body_repayment, interest_repayment, offer_id) values ('8cd6ec69-b09d-4835-aefb-f231ad753bc4', '2021-04-17', 1265, 1012, 253, '5d4cb77a-3dac-480b-b618-d2a60bd22e4a');
insert into schedule_payment (id, date_payment, amount_payment, body_repayment, interest_repayment, offer_id) values ('00eee397-066a-45c1-bda9-a74a5146f10d', '2021-01-28', 12729, 10183.2, 2545.8, 'e22e36c7-8a57-4f2b-b4f1-c92760ccfbca');
insert into schedule_payment (id, date_payment, amount_payment, body_repayment, interest_repayment, offer_id) values ('896a6339-e2cb-4541-8d3b-7d43291ee0be', '2021-02-10', 2900, 2320, 580, '5485025a-6299-4b12-ba25-4f067b58c7c2');
insert into schedule_payment (id, date_payment, amount_payment, body_repayment, interest_repayment, offer_id) values ('b9115c1a-8b7c-4360-b9c8-d3487b54f070', '2021-01-17', 9291, 7432.8, 1858.2, 'aa8d40fe-f614-43f8-897c-a338d6203147');
insert into schedule_payment (id, date_payment, amount_payment, body_repayment, interest_repayment, offer_id) values ('32c93a9b-002b-4e70-b7ca-f425492e9c86', '2020-12-20', 7516, 6012.8, 1503.2, '9111db81-325b-4784-a9a5-1a65df1b435e');
insert into schedule_payment (id, date_payment, amount_payment, body_repayment, interest_repayment, offer_id) values ('045d8c98-3589-467e-a19f-2a9f9903c3f9', '2021-09-18', 10418, 8334.4, 2083.6, 'adfd4601-acef-4cc3-97ef-6a08cdaa98ef');
insert into schedule_payment (id, date_payment, amount_payment, body_repayment, interest_repayment, offer_id) values ('9e933187-565f-4532-aae8-173d7ce1bf03', '2020-09-30', 6319, 5055.2, 1263.8, 'd4b4827f-d98f-4023-a787-8f74b60bdd45');
insert into schedule_payment (id, date_payment, amount_payment, body_repayment, interest_repayment, offer_id) values ('676460af-2570-4ce8-b8a5-cef084106d98', '2020-11-21', 4370, 3496, 874, 'fa72f5c5-aa8f-40cf-92c7-546f0996c844');
insert into schedule_payment (id, date_payment, amount_payment, body_repayment, interest_repayment, offer_id) values ('a22bc126-fa2f-4ad1-9fce-3c35c03df07e', '2021-01-23', 2827, 2261.6, 565.4, '151513fe-6b52-44d6-8a62-c09e31926f4d');
insert into schedule_payment (id, date_payment, amount_payment, body_repayment, interest_repayment, offer_id) values ('60f2e913-3dd4-4e2d-b63a-ed1631fa9f6c', '2021-08-03', 8046, 6436.8, 1609.2, '9f9d48f8-109d-43c9-bfce-5430aeedbb3f');
insert into schedule_payment (id, date_payment, amount_payment, body_repayment, interest_repayment, offer_id) values ('901620ba-0dc7-4ea0-a50b-a7a63e7499df', '2020-11-14', 5909, 4727.2, 1181.8, 'b31c9021-722b-461d-8934-3fc3afb9518f');
insert into schedule_payment (id, date_payment, amount_payment, body_repayment, interest_repayment, offer_id) values ('8da5e445-30a8-4ca3-8805-de2173096b63', '2021-04-11', 12763, 10210.4, 2552.6, 'c3982c39-0eb1-4363-a0bd-0c1756b2dbd3');
insert into schedule_payment (id, date_payment, amount_payment, body_repayment, interest_repayment, offer_id) values ('3d1d487b-0fd1-4273-a133-e859968fbb4e', '2021-06-17', 9357, 7485.6, 1871.4, '7073a24a-a172-4a1f-9410-a690f43511b2');
insert into schedule_payment (id, date_payment, amount_payment, body_repayment, interest_repayment, offer_id) values ('0be7d621-7a9f-41ad-ace4-ea7b3ad7591b', '2021-01-29', 11991, 9592.8, 2398.2, 'ed0e2847-960a-4101-aa71-994814959244');
insert into schedule_payment (id, date_payment, amount_payment, body_repayment, interest_repayment, offer_id) values ('5bbd95ae-7e5c-46d0-b315-85fdc6474020', '2021-09-04', 3595, 2876, 719, '6116e37c-4a28-42f1-862f-a7ed96f65ecb');
insert into schedule_payment (id, date_payment, amount_payment, body_repayment, interest_repayment, offer_id) values ('27c3ba69-01d7-4c05-8bb6-30bb4d47dd31', '2021-05-24', 1942, 1553.6, 388.4, 'e93f8f93-a8b3-4fbe-87f6-f3976d49d17c');
insert into schedule_payment (id, date_payment, amount_payment, body_repayment, interest_repayment, offer_id) values ('bc6d1526-d14c-4a0e-bd6b-962876e26a3e', '2020-12-07', 14347, 11477.6, 2869.4, '510b8acb-863f-4ac3-9c1c-7573c8983fca');
insert into schedule_payment (id, date_payment, amount_payment, body_repayment, interest_repayment, offer_id) values ('660367e5-0123-437c-8b98-88e49ae776c1', '2021-05-19', 3284, 2627.2, 656.8, '6653e6a6-6b7a-4249-9aa1-40afd1b9ee77');
insert into schedule_payment (id, date_payment, amount_payment, body_repayment, interest_repayment, offer_id) values ('4d6f67bd-0cb9-47dd-b5cf-1324e051375e', '2021-05-27', 4158, 3326.4, 831.6, '531ba920-e7c7-446a-9ad5-34d5ebabfa2e');
insert into schedule_payment (id, date_payment, amount_payment, body_repayment, interest_repayment, offer_id) values ('09ab9696-d3ec-486f-a60d-dcf522d0614e', '2021-05-17', 1404, 1123.2, 280.8, '3dcf708c-3400-4b47-b52a-cafe790997cd');
insert into schedule_payment (id, date_payment, amount_payment, body_repayment, interest_repayment, offer_id) values ('f83378c2-780e-45f8-b48c-fe2cdb241710', '2021-02-19', 3453, 2762.4, 690.6, '8a1e6156-6697-4927-9ff2-f5977a20781a');
insert into schedule_payment (id, date_payment, amount_payment, body_repayment, interest_repayment, offer_id) values ('a393e3e4-95b2-4eb9-9d57-ed5f30ba1e7f', '2021-06-06', 9272, 7417.6, 1854.4, '4ef89fb3-283e-46c8-be43-a5a1c8cb3848');
insert into schedule_payment (id, date_payment, amount_payment, body_repayment, interest_repayment, offer_id) values ('19d31f86-c7db-496b-9877-ae2b53f9e83e', '2021-03-10', 7529, 6023.2, 1505.8, '9dfca2b0-3f64-4091-9d50-eb5d987eb1da');
insert into schedule_payment (id, date_payment, amount_payment, body_repayment, interest_repayment, offer_id) values ('5b4bb438-16b0-44c9-9341-c98e30fc8de5', '2021-08-25', 8831, 7064.8, 1766.2, '1849bab0-4b95-4eb8-b2a2-4d51eed88c53');
insert into schedule_payment (id, date_payment, amount_payment, body_repayment, interest_repayment, offer_id) values ('072be780-1956-4af1-80b3-44b39e96de56', '2021-07-18', 8880, 7104, 1776, '10312530-4dd1-4c5f-bd36-cd7cd15b32a8');
insert into schedule_payment (id, date_payment, amount_payment, body_repayment, interest_repayment, offer_id) values ('45d1c819-3fb5-45de-811c-ca3ffa908382', '2021-01-16', 8983, 7186.4, 1796.6, 'c7d0f815-2067-4f73-ae26-130853f5e278');
insert into schedule_payment (id, date_payment, amount_payment, body_repayment, interest_repayment, offer_id) values ('f1d6b548-924a-49ff-94d6-f44ccd139340', '2021-01-24', 1242, 993.6, 248.4, 'ec3d66c8-de99-4d16-88ec-93343b39b8e2');
insert into schedule_payment (id, date_payment, amount_payment, body_repayment, interest_repayment, offer_id) values ('cf1e8781-63e2-45c3-a8e5-b52c9657ef1d', '2021-02-19', 7912, 6329.6, 1582.4, '7ee1a0fa-b2c3-4878-94aa-8202108de3f0');
insert into schedule_payment (id, date_payment, amount_payment, body_repayment, interest_repayment, offer_id) values ('c2a4a604-580f-4754-9c12-18c07b4a0ec9', '2021-07-05', 11095, 8876, 2219, 'ad201abd-f299-4a0b-af58-86ea06ee1f68');
insert into schedule_payment (id, date_payment, amount_payment, body_repayment, interest_repayment, offer_id) values ('4864040e-3e32-4176-ad1f-848611a3f7d0', '2021-05-30', 6028, 4822.4, 1205.6, 'af51fbd3-4e2e-490c-867d-7cc4ee0b99ff');
insert into schedule_payment (id, date_payment, amount_payment, body_repayment, interest_repayment, offer_id) values ('caa815c1-eefd-48e9-a9e1-1e7bc579b0c3', '2020-09-23', 4949, 3959.2, 989.8, 'ecc71c9c-d611-4140-ab9b-c3d8ac579bf3');
insert into schedule_payment (id, date_payment, amount_payment, body_repayment, interest_repayment, offer_id) values ('d71135e6-7c58-4d89-a702-f439247565e2', '2021-04-03', 14879, 11903.2, 2975.8, 'e023c29f-6e8d-4cca-acb8-e5a787af691e');
insert into schedule_payment (id, date_payment, amount_payment, body_repayment, interest_repayment, offer_id) values ('40b7b8a5-4049-4401-acb0-943a2913f455', '2020-11-05', 13509, 10807.2, 2701.8, 'cf975447-5f7f-409a-b686-ca41fa11e63b');
insert into schedule_payment (id, date_payment, amount_payment, body_repayment, interest_repayment, offer_id) values ('f7d50ef4-db08-4626-9f4c-29c2a704d94d', '2020-11-11', 1183, 946.4, 236.6, '4a4fcc89-f641-4ec8-8947-bdca0edd6f19');
insert into schedule_payment (id, date_payment, amount_payment, body_repayment, interest_repayment, offer_id) values ('4fc2b3a2-558d-40e6-8ca1-db9122c4b7cf', '2021-07-31', 8996, 7196.8, 1799.2, '47ac794b-d861-4900-bf8c-8e5c317d683e');
insert into schedule_payment (id, date_payment, amount_payment, body_repayment, interest_repayment, offer_id) values ('3b50f20a-a959-4068-8440-d2ba0745d9fa', '2021-05-16', 11899, 9519.2, 2379.8, 'f0939c23-c377-4d50-a0df-412655cdd46d');
insert into schedule_payment (id, date_payment, amount_payment, body_repayment, interest_repayment, offer_id) values ('008b0465-5530-4ee6-8b04-335e116e1605', '2020-12-03', 11299, 9039.2, 2259.8, '4e3d0164-9a9f-47c3-ac05-9ca6b8c2a967');
insert into schedule_payment (id, date_payment, amount_payment, body_repayment, interest_repayment, offer_id) values ('23cfd6e5-267e-4185-8295-8212da4dfa17', '2021-06-25', 2471, 1976.8, 494.2, '7bbf0a7c-46a6-42a3-aaac-b4733f1b9c2f');
insert into schedule_payment (id, date_payment, amount_payment, body_repayment, interest_repayment, offer_id) values ('aa547201-5fd8-4a22-b81f-0aff22030b54', '2021-04-16', 10186, 8148.8, 2037.2, 'e7936c09-eb4f-4c67-9789-ee7b8ceaf5b8');
insert into schedule_payment (id, date_payment, amount_payment, body_repayment, interest_repayment, offer_id) values ('5e606609-fe14-490b-ba77-b09743dc537f', '2021-09-18', 12632, 10105.6, 2526.4, 'f2fce4b4-368d-41aa-a970-ef3717c1173b');
insert into schedule_payment (id, date_payment, amount_payment, body_repayment, interest_repayment, offer_id) values ('96244125-e102-4482-a364-53a3c80d8429', '2020-10-21', 6611, 5288.8, 1322.2, '2bfbe4ab-2d02-478e-8ff5-fd415552fa09');
insert into schedule_payment (id, date_payment, amount_payment, body_repayment, interest_repayment, offer_id) values ('a6f3e3be-d739-465a-aae4-eb5ac167715d', '2020-10-09', 5606, 4484.8, 1121.2, '4999e3cf-2d28-45ac-ada2-50ef0ba1e8fe');
insert into schedule_payment (id, date_payment, amount_payment, body_repayment, interest_repayment, offer_id) values ('0e3724ac-3ea0-459b-be05-0aaabd7c2a78', '2021-05-28', 8806, 7044.8, 1761.2, '078e590a-6099-4e75-843e-567bc083f9c6');
insert into schedule_payment (id, date_payment, amount_payment, body_repayment, interest_repayment, offer_id) values ('16bc1e95-e270-44ba-b4d8-85f105b7f416', '2021-02-28', 14165, 11332, 2833, '5d7532f9-57a2-4c0e-8259-48eec51bafa8');
insert into schedule_payment (id, date_payment, amount_payment, body_repayment, interest_repayment, offer_id) values ('af4332bb-e8cf-4572-9375-23d5532f2a4f', '2021-04-04', 2815, 2252, 563, 'c1927662-2efc-40a5-8ab3-c018e4f4724f');
insert into schedule_payment (id, date_payment, amount_payment, body_repayment, interest_repayment, offer_id) values ('98bc857e-e584-4ae6-a497-c15087363ec9', '2020-11-09', 5955, 4764, 1191, 'c614b249-3741-46b8-8c0f-ad1c30c299ef');
insert into schedule_payment (id, date_payment, amount_payment, body_repayment, interest_repayment, offer_id) values ('793ec1ac-adf5-40b7-92a4-dd68252e2218', '2021-06-02', 8742, 6993.6, 1748.4, '1ffd97c2-47b2-420c-9872-2250cce0dff5');
insert into schedule_payment (id, date_payment, amount_payment, body_repayment, interest_repayment, offer_id) values ('1c31f45d-b836-40f9-9539-5c8c32db8182', '2020-10-17', 10912, 8729.6, 2182.4, 'a6b9606a-5623-4bc5-9c50-37f34f118e09');
insert into schedule_payment (id, date_payment, amount_payment, body_repayment, interest_repayment, offer_id) values ('e4ef6e3f-e125-4749-9519-464905c3296a', '2020-12-10', 5252, 4201.6, 1050.4, '6e79a033-2b37-49fb-a6a2-36c9d5d2fc4e');
insert into schedule_payment (id, date_payment, amount_payment, body_repayment, interest_repayment, offer_id) values ('1674726f-d4dd-4250-aacd-9a299fc0159b', '2021-09-05', 3223, 2578.4, 644.6, '85e27074-e6c1-4893-92c2-057816ea0b85');
insert into schedule_payment (id, date_payment, amount_payment, body_repayment, interest_repayment, offer_id) values ('e43166ae-f7af-41cf-98c9-4b7758497455', '2021-01-23', 14230, 11384, 2846, '2057a8a1-2225-404d-a94c-df98121d5388');
insert into schedule_payment (id, date_payment, amount_payment, body_repayment, interest_repayment, offer_id) values ('2cfadf76-90d6-4fe4-854a-6d748ac266e8', '2020-12-24', 13422, 10737.6, 2684.4, '9c5c0f08-6c4a-4578-8059-fbd9eb0a519a');
insert into schedule_payment (id, date_payment, amount_payment, body_repayment, interest_repayment, offer_id) values ('3f049422-5c88-4c77-80ad-28a63c18864f', '2020-11-21', 13194, 10555.2, 2638.8, 'e694b6b5-d683-461c-ab95-cc8d1ff37a49');
insert into schedule_payment (id, date_payment, amount_payment, body_repayment, interest_repayment, offer_id) values ('3c47e20f-38f4-420f-88a6-344acf196a54', '2020-12-29', 12846, 10276.8, 2569.2, '5944d9dd-95ab-44f2-819a-98e12aef1885');
insert into schedule_payment (id, date_payment, amount_payment, body_repayment, interest_repayment, offer_id) values ('8e5d989c-433f-457d-a75b-a67a6c3bbcc2', '2021-04-30', 13094, 10475.2, 2618.8, 'b1b84857-8bd2-4d31-b79a-372049e45a4b');
insert into schedule_payment (id, date_payment, amount_payment, body_repayment, interest_repayment, offer_id) values ('65d8c5b6-0777-43ab-b553-3cb89929c776', '2021-04-16', 9965, 7972, 1993, '7e3af022-4333-4cf3-bda9-144169f5798a');
insert into schedule_payment (id, date_payment, amount_payment, body_repayment, interest_repayment, offer_id) values ('65530fc4-b0cd-49a4-bfb4-0c3449510bd2', '2021-01-07', 1084, 867.2, 216.8, '5e86b3dc-43b1-4843-98d3-bd31f3854eae');
insert into schedule_payment (id, date_payment, amount_payment, body_repayment, interest_repayment, offer_id) values ('811b2bef-eb28-4257-aace-67ffceff9cf0', '2021-04-16', 9580, 7664, 1916, '4523a068-7eae-44ac-ae62-5f8d479ad079');
insert into schedule_payment (id, date_payment, amount_payment, body_repayment, interest_repayment, offer_id) values ('d02d6d70-0808-4f88-ad42-e50ec8373d4a', '2020-10-11', 10815, 8652, 2163, '9fa1a9de-a99a-43ff-be5c-1ea5224dbd0d');
insert into schedule_payment (id, date_payment, amount_payment, body_repayment, interest_repayment, offer_id) values ('6161c300-a243-4927-a6fc-90380e5e55c5', '2021-02-02', 5159, 4127.2, 1031.8, '362d5e6f-bc50-42b1-945d-b913ea8364db');
insert into schedule_payment (id, date_payment, amount_payment, body_repayment, interest_repayment, offer_id) values ('caff8e9e-804a-4937-a73f-f3cd99d75344', '2020-12-18', 7873, 6298.4, 1574.6, '39c6da5b-8270-4384-a95b-f2263509b311');
insert into schedule_payment (id, date_payment, amount_payment, body_repayment, interest_repayment, offer_id) values ('18f934d4-238e-44fe-ad9d-688d20df2464', '2021-09-03', 1324, 1059.2, 264.8, '0150f011-1641-485a-ba33-523b6f6468da');
insert into schedule_payment (id, date_payment, amount_payment, body_repayment, interest_repayment, offer_id) values ('cab1fb37-1c88-4a75-bbc8-4a823ea42ed3', '2021-08-19', 14625, 11700, 2925, 'b8e93c28-6069-4214-b7d0-595c6e5909a9');
insert into schedule_payment (id, date_payment, amount_payment, body_repayment, interest_repayment, offer_id) values ('52a91d46-6404-43ef-8011-1641219f0797', '2021-08-05', 12694, 10155.2, 2538.8, '0f7eb937-ec1c-4e45-a6c4-5d08c2f8ef0f');
insert into schedule_payment (id, date_payment, amount_payment, body_repayment, interest_repayment, offer_id) values ('875a2ae4-0c90-415a-acb4-63c631a20615', '2021-05-19', 8219, 6575.2, 1643.8, '1ce9f264-6c19-4628-a4f2-e2c6c8d03db8');
insert into schedule_payment (id, date_payment, amount_payment, body_repayment, interest_repayment, offer_id) values ('4546c549-88e4-470b-b5e1-a2d437df5aa0', '2020-10-29', 13269, 10615.2, 2653.8, '0e1344ca-24cf-416d-ba3f-e92e443dbb2a');
insert into schedule_payment (id, date_payment, amount_payment, body_repayment, interest_repayment, offer_id) values ('9439c00f-69b1-4042-be7a-99a870d00202', '2021-02-23', 1843, 1474.4, 368.6, '924ad5cd-4941-4e83-9dea-7faf3dbba05e');
insert into schedule_payment (id, date_payment, amount_payment, body_repayment, interest_repayment, offer_id) values ('02c368c7-2a77-4761-a021-19c47d1be600', '2021-07-07', 9157, 7325.6, 1831.4, '221c8d8e-a079-427b-9325-76c0955d8d28');
insert into schedule_payment (id, date_payment, amount_payment, body_repayment, interest_repayment, offer_id) values ('c3a23c9f-49d7-49d6-bad7-c8fa73752861', '2021-07-05', 9350, 7480, 1870, '69708f5b-6adc-4b38-9f57-782aea4a802a');
insert into schedule_payment (id, date_payment, amount_payment, body_repayment, interest_repayment, offer_id) values ('4fe7b6da-3206-4c3a-85bc-37b4fa91b783', '2021-03-04', 13903, 11122.4, 2780.6, '989214d4-f99a-4ad3-8bf9-06229332b37d');
insert into schedule_payment (id, date_payment, amount_payment, body_repayment, interest_repayment, offer_id) values ('7e969787-6e5d-4cbc-a621-90ebefb04d90', '2021-07-27', 7743, 6194.4, 1548.6, '32bd32a2-6f4e-4e8f-8a12-24285354362a');
insert into schedule_payment (id, date_payment, amount_payment, body_repayment, interest_repayment, offer_id) values ('9a03c4ce-6eec-4b38-8b13-c3c2f832617c', '2021-06-13', 6065, 4852, 1213, '3199dff1-2f65-4b65-8678-0817cc334eb5');
insert into schedule_payment (id, date_payment, amount_payment, body_repayment, interest_repayment, offer_id) values ('83bf7c77-7535-4c9f-8e4d-5a872d55bd04', '2021-03-24', 2361, 1888.8, 472.2, '4d918185-e965-4f80-a26b-7793f2d8ced4');
insert into schedule_payment (id, date_payment, amount_payment, body_repayment, interest_repayment, offer_id) values ('7c92e44b-d8af-43e4-bc87-09177d5f6603', '2021-04-25', 12596, 10076.8, 2519.2, '6cb75357-ad45-4dd3-b74b-30813bbfa2ef');
insert into schedule_payment (id, date_payment, amount_payment, body_repayment, interest_repayment, offer_id) values ('67d9a6e1-5d49-4b88-9c2a-e77da8a124d1', '2021-03-06', 6873, 5498.4, 1374.6, '9aa898a5-8dbb-410f-acc5-f627e0380547');
insert into schedule_payment (id, date_payment, amount_payment, body_repayment, interest_repayment, offer_id) values ('e87110cf-c43d-4fc2-b085-5b43dc0d7206', '2021-04-03', 11546, 9236.8, 2309.2, '4d6db957-db57-40c1-aed1-26c666461277');
insert into schedule_payment (id, date_payment, amount_payment, body_repayment, interest_repayment, offer_id) values ('1062eafc-631e-4d90-a61f-28fbe63debdd', '2021-05-26', 8905, 7124, 1781, 'db181a09-dcac-44f1-85f6-33f4ece5f4cd');
insert into schedule_payment (id, date_payment, amount_payment, body_repayment, interest_repayment, offer_id) values ('2efd5cd9-9fa6-4123-be9b-6e0e56d972ec', '2021-07-26', 3427, 2741.6, 685.4, '560d116a-439a-4741-a7e5-2ce158e79767');
insert into schedule_payment (id, date_payment, amount_payment, body_repayment, interest_repayment, offer_id) values ('71da2d7e-b5c8-4a63-97cd-22c428e792ef', '2021-08-09', 12584, 10067.2, 2516.8, '59c404c8-08e7-42e0-a26b-e7b90cfbd920');
insert into schedule_payment (id, date_payment, amount_payment, body_repayment, interest_repayment, offer_id) values ('00941af4-bc67-4a55-8f5a-3d5524a94d85', '2021-07-12', 14628, 11702.4, 2925.6, 'fa7e480b-db24-4d61-9b8c-2cf2e57defb0');
insert into schedule_payment (id, date_payment, amount_payment, body_repayment, interest_repayment, offer_id) values ('726c60b0-eb42-474a-83cd-672be8cdbd9d', '2021-02-04', 9804, 7843.2, 1960.8, 'cce77a54-24ea-43ef-993b-ab11cb654583');
insert into schedule_payment (id, date_payment, amount_payment, body_repayment, interest_repayment, offer_id) values ('0a21c585-f2ea-4da5-be85-76880370af8f', '2020-12-08', 1087, 869.6, 217.4, 'fe3990f3-fdc9-4a68-af2c-c08c7c9e3a25');
insert into schedule_payment (id, date_payment, amount_payment, body_repayment, interest_repayment, offer_id) values ('8e66f218-1b37-4fe2-ae8a-5ef47400aef7', '2021-01-16', 7123, 5698.4, 1424.6, '9840728c-75d0-4f87-8031-42afda9dcff2');
insert into schedule_payment (id, date_payment, amount_payment, body_repayment, interest_repayment, offer_id) values ('4b557c14-5ce2-48f8-8a75-4aa34e7fd3f4', '2020-12-11', 8782, 7025.6, 1756.4, '338c8b24-d2d1-44cf-90b4-d460e3c6ac84');
insert into schedule_payment (id, date_payment, amount_payment, body_repayment, interest_repayment, offer_id) values ('221d9ce4-58f8-41aa-a782-9a57b0376166', '2021-01-29', 6956, 5564.8, 1391.2, '4f8d670c-a5c2-423f-8121-a5fb8ebd3715');
insert into schedule_payment (id, date_payment, amount_payment, body_repayment, interest_repayment, offer_id) values ('ea7bc068-5603-44ad-b908-b3d3ac08cf26', '2020-11-23', 3285, 2628, 657, '7c5ac0ee-fc5d-4c87-bc6f-53fedd36328c');
insert into schedule_payment (id, date_payment, amount_payment, body_repayment, interest_repayment, offer_id) values ('f14384ce-745e-4ef4-baf9-256f63bfd0b6', '2021-06-23', 7958, 6366.4, 1591.6, '9b3422d1-c6f2-41b6-8a19-4e3b70699b0a');
insert into schedule_payment (id, date_payment, amount_payment, body_repayment, interest_repayment, offer_id) values ('f327ff16-88ee-485e-8cbd-f4036e956784', '2021-08-12', 13855, 11084, 2771, '6f7a9260-d1ac-4359-ba5c-9d36b5c60b43');
insert into schedule_payment (id, date_payment, amount_payment, body_repayment, interest_repayment, offer_id) values ('3913166e-ad2c-45a5-9276-56e35a64e95b', '2021-05-20', 11074, 8859.2, 2214.8, '87a01b5c-a7ad-4647-868c-df46125781a3');
insert into schedule_payment (id, date_payment, amount_payment, body_repayment, interest_repayment, offer_id) values ('a475239e-a38c-48cc-be18-3e1b19d22e63', '2021-04-27', 5292, 4233.6, 1058.4, '11d8de38-9f4e-4726-a5f7-f7c5fc235d30');
insert into schedule_payment (id, date_payment, amount_payment, body_repayment, interest_repayment, offer_id) values ('45ecd491-91ae-4dd4-afc7-dd5b9fdcada9', '2020-11-26', 7394, 5915.2, 1478.8, '0e7ddef3-e8aa-4460-927e-25c831d4e0cb');
insert into schedule_payment (id, date_payment, amount_payment, body_repayment, interest_repayment, offer_id) values ('b1276df0-3ba1-43ef-882d-d5eff5c657a3', '2021-05-07', 5799, 4639.2, 1159.8, '39791b05-f4af-4619-a789-c895355a0aae');
insert into schedule_payment (id, date_payment, amount_payment, body_repayment, interest_repayment, offer_id) values ('87b1ad9e-ca7e-48b6-a817-84de8d1af38c', '2020-10-17', 4162, 3329.6, 832.4, '8e79e0d2-0cb5-49be-b668-f908143f7237');
insert into schedule_payment (id, date_payment, amount_payment, body_repayment, interest_repayment, offer_id) values ('efd705c5-0f82-4c53-90a6-4ea2cfad675e', '2021-02-12', 7143, 5714.4, 1428.6, '6abe63fc-bbd4-4fd3-9cec-d726ec234d13');
insert into schedule_payment (id, date_payment, amount_payment, body_repayment, interest_repayment, offer_id) values ('4f8e497a-d1c8-4500-a7ab-115ac968e35e', '2021-08-07', 3099, 2479.2, 619.8, '5cce4df9-fe3b-47bd-a3e5-dddffcc3cb14');
insert into schedule_payment (id, date_payment, amount_payment, body_repayment, interest_repayment, offer_id) values ('8a4a4b1c-3c67-473d-9a20-48163c042a92', '2021-09-18', 1617, 1293.6, 323.4, '18f496a3-f443-4da7-9444-5738dcf09683');
insert into schedule_payment (id, date_payment, amount_payment, body_repayment, interest_repayment, offer_id) values ('75cbfbf6-27b5-426c-af12-b7f9dca62605', '2021-06-20', 10067, 8053.6, 2013.4, 'b8aa6cdf-b491-4a41-bbbb-5e43c5b34dd1');
insert into schedule_payment (id, date_payment, amount_payment, body_repayment, interest_repayment, offer_id) values ('bf1e2f7f-829a-4487-a8b2-64e552379bcb', '2021-01-29', 6850, 5480, 1370, '2c8393ab-bf1d-4cdd-b402-6d06a116534b');
insert into schedule_payment (id, date_payment, amount_payment, body_repayment, interest_repayment, offer_id) values ('de3745b6-6653-4249-b7b1-6e740184df2a', '2021-05-31', 4706, 3764.8, 941.2, '8c999782-2eb6-4f1a-9d84-d556d0c5eb2a');
insert into schedule_payment (id, date_payment, amount_payment, body_repayment, interest_repayment, offer_id) values ('a27324ec-34ea-4bc6-9bc7-d6fd36a6657c', '2021-01-31', 11147, 8917.6, 2229.4, 'd566edf3-17ac-4bdf-8d95-830a2fb15d89');
insert into schedule_payment (id, date_payment, amount_payment, body_repayment, interest_repayment, offer_id) values ('05322235-f22f-4e64-bc85-4c9f06755257', '2021-05-30', 9805, 7844, 1961, '5d4cb77a-3dac-480b-b618-d2a60bd22e4a');
insert into schedule_payment (id, date_payment, amount_payment, body_repayment, interest_repayment, offer_id) values ('8d31e43e-8a8b-44b2-bbd6-9f03ea585b6f', '2021-04-20', 13985, 11188, 2797, 'e22e36c7-8a57-4f2b-b4f1-c92760ccfbca');
insert into schedule_payment (id, date_payment, amount_payment, body_repayment, interest_repayment, offer_id) values ('b449e367-f70a-44d4-b150-210ac4229a54', '2020-09-28', 11067, 8853.6, 2213.4, '5485025a-6299-4b12-ba25-4f067b58c7c2');
insert into schedule_payment (id, date_payment, amount_payment, body_repayment, interest_repayment, offer_id) values ('27845b70-9531-4dba-b046-1bd2cff63354', '2020-11-22', 5221, 4176.8, 1044.2, 'aa8d40fe-f614-43f8-897c-a338d6203147');
insert into schedule_payment (id, date_payment, amount_payment, body_repayment, interest_repayment, offer_id) values ('067561fb-30b5-454f-b853-2778815c3b99', '2021-06-24', 13897, 11117.6, 2779.4, '9111db81-325b-4784-a9a5-1a65df1b435e');
insert into schedule_payment (id, date_payment, amount_payment, body_repayment, interest_repayment, offer_id) values ('a12b9a30-ee2c-4849-8a33-38130cf847ed', '2021-07-30', 3122, 2497.6, 624.4, 'adfd4601-acef-4cc3-97ef-6a08cdaa98ef');
insert into schedule_payment (id, date_payment, amount_payment, body_repayment, interest_repayment, offer_id) values ('959660ba-c4d6-4281-8ab6-545e2a42ef1c', '2021-01-16', 10599, 8479.2, 2119.8, 'd4b4827f-d98f-4023-a787-8f74b60bdd45');
insert into schedule_payment (id, date_payment, amount_payment, body_repayment, interest_repayment, offer_id) values ('a66e1fc7-4a00-41bb-9ec0-560579c9d4d9', '2021-04-29', 9679, 7743.2, 1935.8, 'fa72f5c5-aa8f-40cf-92c7-546f0996c844');
insert into schedule_payment (id, date_payment, amount_payment, body_repayment, interest_repayment, offer_id) values ('f83f3d89-97f0-44ce-9735-5ca81c2d7a37', '2021-03-24', 2164, 1731.2, 432.8, '151513fe-6b52-44d6-8a62-c09e31926f4d');
insert into schedule_payment (id, date_payment, amount_payment, body_repayment, interest_repayment, offer_id) values ('c43a033e-489c-4c2c-a9d6-eeb9fd640886', '2021-02-09', 13347, 10677.6, 2669.4, '9f9d48f8-109d-43c9-bfce-5430aeedbb3f');
insert into schedule_payment (id, date_payment, amount_payment, body_repayment, interest_repayment, offer_id) values ('2df0f8d9-bf8f-467b-a683-3b938fbc3ae4', '2021-09-19', 13018, 10414.4, 2603.6, 'b31c9021-722b-461d-8934-3fc3afb9518f');
insert into schedule_payment (id, date_payment, amount_payment, body_repayment, interest_repayment, offer_id) values ('3b958b22-3336-4a52-b867-38f76e40b0f4', '2021-09-14', 2004, 1603.2, 400.8, 'c3982c39-0eb1-4363-a0bd-0c1756b2dbd3');
insert into schedule_payment (id, date_payment, amount_payment, body_repayment, interest_repayment, offer_id) values ('7772a9a5-1530-41a4-806b-a34381814a15', '2021-03-31', 11225, 8980, 2245, '7073a24a-a172-4a1f-9410-a690f43511b2');
insert into schedule_payment (id, date_payment, amount_payment, body_repayment, interest_repayment, offer_id) values ('7e315dc4-1c0f-4370-bce3-21ba4cf81306', '2020-11-16', 13999, 11199.2, 2799.8, 'ed0e2847-960a-4101-aa71-994814959244');
insert into schedule_payment (id, date_payment, amount_payment, body_repayment, interest_repayment, offer_id) values ('f9235423-71c0-441f-b133-a4b528f9b639', '2021-08-03', 8175, 6540, 1635, '6116e37c-4a28-42f1-862f-a7ed96f65ecb');
insert into schedule_payment (id, date_payment, amount_payment, body_repayment, interest_repayment, offer_id) values ('ecb3ce17-d8db-4202-8437-797c65b10fb1', '2020-11-10', 12662, 10129.6, 2532.4, 'e93f8f93-a8b3-4fbe-87f6-f3976d49d17c');
insert into schedule_payment (id, date_payment, amount_payment, body_repayment, interest_repayment, offer_id) values ('afbc75c6-3076-4e76-bc41-d3e962901224', '2021-01-28', 14685, 11748, 2937, '510b8acb-863f-4ac3-9c1c-7573c8983fca');
insert into schedule_payment (id, date_payment, amount_payment, body_repayment, interest_repayment, offer_id) values ('8e2f92a9-e8d9-4cd9-a132-65c350246c6e', '2021-08-06', 4226, 3380.8, 845.2, '6653e6a6-6b7a-4249-9aa1-40afd1b9ee77');
insert into schedule_payment (id, date_payment, amount_payment, body_repayment, interest_repayment, offer_id) values ('a666c7c5-d520-4a88-b2e7-a43c8f08d433', '2020-12-01', 5451, 4360.8, 1090.2, '531ba920-e7c7-446a-9ad5-34d5ebabfa2e');
insert into schedule_payment (id, date_payment, amount_payment, body_repayment, interest_repayment, offer_id) values ('285979b5-19a9-4b54-8586-5b29df748f5c', '2020-12-05', 7982, 6385.6, 1596.4, '3dcf708c-3400-4b47-b52a-cafe790997cd');
insert into schedule_payment (id, date_payment, amount_payment, body_repayment, interest_repayment, offer_id) values ('91f04b25-2c9f-4cf8-81e8-6d8a8d3a4de4', '2020-12-06', 12626, 10100.8, 2525.2, '8a1e6156-6697-4927-9ff2-f5977a20781a');
insert into schedule_payment (id, date_payment, amount_payment, body_repayment, interest_repayment, offer_id) values ('36715460-cf19-4225-9ed0-fe1fc28bb181', '2021-08-02', 12145, 9716, 2429, '4ef89fb3-283e-46c8-be43-a5a1c8cb3848');
insert into schedule_payment (id, date_payment, amount_payment, body_repayment, interest_repayment, offer_id) values ('94a69a1f-eec7-41c8-9a59-7c82cb404a4f', '2021-03-23', 4287, 3429.6, 857.4, '9dfca2b0-3f64-4091-9d50-eb5d987eb1da');
insert into schedule_payment (id, date_payment, amount_payment, body_repayment, interest_repayment, offer_id) values ('a36a3a14-9425-4296-9716-bc13bae06afd', '2021-04-25', 3179, 2543.2, 635.8, '1849bab0-4b95-4eb8-b2a2-4d51eed88c53');
insert into schedule_payment (id, date_payment, amount_payment, body_repayment, interest_repayment, offer_id) values ('b7d355f0-3b92-4570-bd8d-48b3a340e1db', '2020-11-17', 1932, 1545.6, 386.4, '10312530-4dd1-4c5f-bd36-cd7cd15b32a8');
insert into schedule_payment (id, date_payment, amount_payment, body_repayment, interest_repayment, offer_id) values ('075a4fd7-95b3-4a58-a375-150d9666edb9', '2021-02-14', 10972, 8777.6, 2194.4, 'c7d0f815-2067-4f73-ae26-130853f5e278');
insert into schedule_payment (id, date_payment, amount_payment, body_repayment, interest_repayment, offer_id) values ('f3d65bfe-e11e-4f22-8975-f420f37b419c', '2021-02-16', 3772, 3017.6, 754.4, 'ec3d66c8-de99-4d16-88ec-93343b39b8e2');
insert into schedule_payment (id, date_payment, amount_payment, body_repayment, interest_repayment, offer_id) values ('5f41d2d4-4a31-43fa-9bf0-929d97b182c5', '2021-06-30', 4828, 3862.4, 965.6, '7ee1a0fa-b2c3-4878-94aa-8202108de3f0');
insert into schedule_payment (id, date_payment, amount_payment, body_repayment, interest_repayment, offer_id) values ('47b22967-195f-47ae-b22d-4886d8c51615', '2021-07-05', 9438, 7550.4, 1887.6, 'ad201abd-f299-4a0b-af58-86ea06ee1f68');
insert into schedule_payment (id, date_payment, amount_payment, body_repayment, interest_repayment, offer_id) values ('18e69d04-5910-4df6-8ec6-df1ec1bb5058', '2020-10-13', 1116, 892.8, 223.2, 'af51fbd3-4e2e-490c-867d-7cc4ee0b99ff');
insert into schedule_payment (id, date_payment, amount_payment, body_repayment, interest_repayment, offer_id) values ('349a39dc-2316-45fb-8be8-97d523f0005a', '2021-02-14', 1586, 1268.8, 317.2, 'ecc71c9c-d611-4140-ab9b-c3d8ac579bf3');
insert into schedule_payment (id, date_payment, amount_payment, body_repayment, interest_repayment, offer_id) values ('e6d8a381-a09a-452c-935f-a4c1d94b4b28', '2021-06-13', 12787, 10229.6, 2557.4, 'e023c29f-6e8d-4cca-acb8-e5a787af691e');
insert into schedule_payment (id, date_payment, amount_payment, body_repayment, interest_repayment, offer_id) values ('1a36167c-aeba-42d5-b014-caca25a154d1', '2021-05-01', 8323, 6658.4, 1664.6, 'cf975447-5f7f-409a-b686-ca41fa11e63b');
insert into schedule_payment (id, date_payment, amount_payment, body_repayment, interest_repayment, offer_id) values ('932d5c33-06fe-46a3-b4d9-ace88c402aac', '2021-05-20', 12936, 10348.8, 2587.2, '4a4fcc89-f641-4ec8-8947-bdca0edd6f19');
insert into schedule_payment (id, date_payment, amount_payment, body_repayment, interest_repayment, offer_id) values ('2723957e-11c4-4731-8b72-b5938e7ee169', '2021-05-04', 1640, 1312, 328, '47ac794b-d861-4900-bf8c-8e5c317d683e');
insert into schedule_payment (id, date_payment, amount_payment, body_repayment, interest_repayment, offer_id) values ('5952f378-f740-45d4-b534-b629056a6db1', '2021-07-27', 2909, 2327.2, 581.8, 'f0939c23-c377-4d50-a0df-412655cdd46d');
insert into schedule_payment (id, date_payment, amount_payment, body_repayment, interest_repayment, offer_id) values ('c1436d0d-6e51-416f-9537-65fec5489fc4', '2020-12-09', 8168, 6534.4, 1633.6, '4e3d0164-9a9f-47c3-ac05-9ca6b8c2a967');
insert into schedule_payment (id, date_payment, amount_payment, body_repayment, interest_repayment, offer_id) values ('014db902-a9f0-416e-b9af-c7d0cf629e5c', '2020-12-06', 7000, 5600, 1400, '7bbf0a7c-46a6-42a3-aaac-b4733f1b9c2f');
insert into schedule_payment (id, date_payment, amount_payment, body_repayment, interest_repayment, offer_id) values ('ec0fe387-185e-4778-af20-4e3b3009b00f', '2021-05-23', 7475, 5980, 1495, 'e7936c09-eb4f-4c67-9789-ee7b8ceaf5b8');
insert into schedule_payment (id, date_payment, amount_payment, body_repayment, interest_repayment, offer_id) values ('51539bda-c814-49d4-8cde-6d77c7edeed3', '2021-02-16', 14503, 11602.4, 2900.6, 'f2fce4b4-368d-41aa-a970-ef3717c1173b');
insert into schedule_payment (id, date_payment, amount_payment, body_repayment, interest_repayment, offer_id) values ('622b42c4-087d-45d9-9807-badca371ece5', '2021-04-18', 11507, 9205.6, 2301.4, '2bfbe4ab-2d02-478e-8ff5-fd415552fa09');
insert into schedule_payment (id, date_payment, amount_payment, body_repayment, interest_repayment, offer_id) values ('37f6503f-4c0e-4814-99fd-f6d4bee2f9bd', '2021-02-09', 11420, 9136, 2284, '4999e3cf-2d28-45ac-ada2-50ef0ba1e8fe');
insert into schedule_payment (id, date_payment, amount_payment, body_repayment, interest_repayment, offer_id) values ('2ae54757-d91b-416d-ba48-9da35974b292', '2020-10-09', 2422, 1937.6, 484.4, '078e590a-6099-4e75-843e-567bc083f9c6');
insert into schedule_payment (id, date_payment, amount_payment, body_repayment, interest_repayment, offer_id) values ('ded0fb8a-119b-433d-b357-960fb767117c', '2021-01-14', 4119, 3295.2, 823.8, '5d7532f9-57a2-4c0e-8259-48eec51bafa8');
insert into schedule_payment (id, date_payment, amount_payment, body_repayment, interest_repayment, offer_id) values ('29ff6b21-c146-4f8f-918c-1d5c0d5156b6', '2020-11-08', 6921, 5536.8, 1384.2, 'c1927662-2efc-40a5-8ab3-c018e4f4724f');
insert into schedule_payment (id, date_payment, amount_payment, body_repayment, interest_repayment, offer_id) values ('ca556a8f-a6ea-4d73-871a-08d2a7e63464', '2021-01-22', 11128, 8902.4, 2225.6, 'c614b249-3741-46b8-8c0f-ad1c30c299ef');
insert into schedule_payment (id, date_payment, amount_payment, body_repayment, interest_repayment, offer_id) values ('2503a74d-52ff-4104-bd7e-5c47f2a02ae6', '2021-01-02', 13816, 11052.8, 2763.2, '1ffd97c2-47b2-420c-9872-2250cce0dff5');
insert into schedule_payment (id, date_payment, amount_payment, body_repayment, interest_repayment, offer_id) values ('f8574d7d-0efc-4f7e-bc91-c5bff3568155', '2021-03-24', 4667, 3733.6, 933.4, 'a6b9606a-5623-4bc5-9c50-37f34f118e09');
insert into schedule_payment (id, date_payment, amount_payment, body_repayment, interest_repayment, offer_id) values ('aecf02c1-cffc-4936-8fa0-a20135872307', '2021-03-27', 2659, 2127.2, 531.8, '6e79a033-2b37-49fb-a6a2-36c9d5d2fc4e');
insert into schedule_payment (id, date_payment, amount_payment, body_repayment, interest_repayment, offer_id) values ('4453f0b0-d81a-43fa-9675-4e92635ee3bd', '2021-09-05', 10666, 8532.8, 2133.2, '85e27074-e6c1-4893-92c2-057816ea0b85');
insert into schedule_payment (id, date_payment, amount_payment, body_repayment, interest_repayment, offer_id) values ('0e5a317f-3e6e-4463-96a3-8cf66c15f59b', '2020-11-26', 12301, 9840.8, 2460.2, '2057a8a1-2225-404d-a94c-df98121d5388');
insert into schedule_payment (id, date_payment, amount_payment, body_repayment, interest_repayment, offer_id) values ('db99b8b4-9a8a-48ec-a459-2828a9228d74', '2021-07-04', 7856, 6284.8, 1571.2, '9c5c0f08-6c4a-4578-8059-fbd9eb0a519a');
insert into schedule_payment (id, date_payment, amount_payment, body_repayment, interest_repayment, offer_id) values ('a800d227-7610-4e98-916c-fc9b7210c5cf', '2021-06-08', 8672, 6937.6, 1734.4, 'e694b6b5-d683-461c-ab95-cc8d1ff37a49');
insert into schedule_payment (id, date_payment, amount_payment, body_repayment, interest_repayment, offer_id) values ('0a78ae35-ca48-4e2b-a6e6-f688787dab4c', '2020-10-26', 4952, 3961.6, 990.4, '5944d9dd-95ab-44f2-819a-98e12aef1885');
insert into schedule_payment (id, date_payment, amount_payment, body_repayment, interest_repayment, offer_id) values ('2e0dad21-e2b9-4b47-a418-1c0937e8ce5a', '2021-04-04', 9326, 7460.8, 1865.2, 'b1b84857-8bd2-4d31-b79a-372049e45a4b');
insert into schedule_payment (id, date_payment, amount_payment, body_repayment, interest_repayment, offer_id) values ('6111b1be-d013-4e32-a275-55ed9961eda2', '2021-05-08', 7546, 6036.8, 1509.2, '7e3af022-4333-4cf3-bda9-144169f5798a');
insert into schedule_payment (id, date_payment, amount_payment, body_repayment, interest_repayment, offer_id) values ('8869a999-0292-4c8b-9c4e-36978018d208', '2021-05-18', 13236, 10588.8, 2647.2, '5e86b3dc-43b1-4843-98d3-bd31f3854eae');
insert into schedule_payment (id, date_payment, amount_payment, body_repayment, interest_repayment, offer_id) values ('40288551-c4c3-4f1b-b4e2-9e2ca90917bd', '2021-08-16', 3985, 3188, 797, '4523a068-7eae-44ac-ae62-5f8d479ad079');
insert into schedule_payment (id, date_payment, amount_payment, body_repayment, interest_repayment, offer_id) values ('4286364c-172b-4d60-97fc-c73acd36f8fc', '2020-10-07', 9097, 7277.6, 1819.4, '9fa1a9de-a99a-43ff-be5c-1ea5224dbd0d');
insert into schedule_payment (id, date_payment, amount_payment, body_repayment, interest_repayment, offer_id) values ('4fac1670-38ab-4f91-88bf-9131335e51e8', '2021-02-07', 9696, 7756.8, 1939.2, '362d5e6f-bc50-42b1-945d-b913ea8364db');
insert into schedule_payment (id, date_payment, amount_payment, body_repayment, interest_repayment, offer_id) values ('ad0f14b5-8ed1-4a69-886c-96d5d12f103e', '2020-10-30', 13301, 10640.8, 2660.2, '39c6da5b-8270-4384-a95b-f2263509b311');
insert into schedule_payment (id, date_payment, amount_payment, body_repayment, interest_repayment, offer_id) values ('9e7c6967-cd18-41f3-96fe-424fcfc9a67e', '2021-01-16', 2762, 2209.6, 552.4, '0150f011-1641-485a-ba33-523b6f6468da');
insert into schedule_payment (id, date_payment, amount_payment, body_repayment, interest_repayment, offer_id) values ('d01aa843-3dec-40fc-b91e-2f90dad14d6e', '2021-02-02', 9733, 7786.4, 1946.6, 'b8e93c28-6069-4214-b7d0-595c6e5909a9');
insert into schedule_payment (id, date_payment, amount_payment, body_repayment, interest_repayment, offer_id) values ('9d660e53-3f07-4df8-9575-adaf3ea7f40f', '2021-02-20', 8994, 7195.2, 1798.8, '0f7eb937-ec1c-4e45-a6c4-5d08c2f8ef0f');
insert into schedule_payment (id, date_payment, amount_payment, body_repayment, interest_repayment, offer_id) values ('346f0249-2fab-428c-9cb0-3703b899f0f6', '2021-06-11', 13252, 10601.6, 2650.4, '1ce9f264-6c19-4628-a4f2-e2c6c8d03db8');
insert into schedule_payment (id, date_payment, amount_payment, body_repayment, interest_repayment, offer_id) values ('90a7294a-7b4e-493d-b5cd-af46709a2dbc', '2021-04-20', 1400, 1120, 280, '0e1344ca-24cf-416d-ba3f-e92e443dbb2a');
insert into schedule_payment (id, date_payment, amount_payment, body_repayment, interest_repayment, offer_id) values ('2ba6f61f-a30b-4604-956c-75944101c0f8', '2021-02-19', 2692, 2153.6, 538.4, '924ad5cd-4941-4e83-9dea-7faf3dbba05e');
insert into schedule_payment (id, date_payment, amount_payment, body_repayment, interest_repayment, offer_id) values ('35ee251f-5304-4a0c-9cc2-b1407629a12a', '2021-03-05', 10383, 8306.4, 2076.6, '221c8d8e-a079-427b-9325-76c0955d8d28');
insert into schedule_payment (id, date_payment, amount_payment, body_repayment, interest_repayment, offer_id) values ('4665a217-37ca-44b4-91de-9021ac6e0d79', '2021-03-27', 7747, 6197.6, 1549.4, '69708f5b-6adc-4b38-9f57-782aea4a802a');
insert into schedule_payment (id, date_payment, amount_payment, body_repayment, interest_repayment, offer_id) values ('2238a47b-d4e3-4535-b904-8c26fd4c842a', '2021-09-20', 4183, 3346.4, 836.6, '989214d4-f99a-4ad3-8bf9-06229332b37d');
insert into schedule_payment (id, date_payment, amount_payment, body_repayment, interest_repayment, offer_id) values ('9031d0d3-7ad8-4dc0-b019-3d65d94e9cb7', '2021-05-19', 10593, 8474.4, 2118.6, '32bd32a2-6f4e-4e8f-8a12-24285354362a');
insert into schedule_payment (id, date_payment, amount_payment, body_repayment, interest_repayment, offer_id) values ('9ec6e82d-420f-44fa-ab64-52259f4b33a8', '2020-12-23', 8180, 6544, 1636, '3199dff1-2f65-4b65-8678-0817cc334eb5');
insert into schedule_payment (id, date_payment, amount_payment, body_repayment, interest_repayment, offer_id) values ('45743db5-1d58-4548-a774-6ab3b8e03bb7', '2020-12-14', 1899, 1519.2, 379.8, '4d918185-e965-4f80-a26b-7793f2d8ced4');
insert into schedule_payment (id, date_payment, amount_payment, body_repayment, interest_repayment, offer_id) values ('ac26c6da-7882-4ea0-bd83-2e6b6e72c323', '2021-06-12', 10898, 8718.4, 2179.6, '6cb75357-ad45-4dd3-b74b-30813bbfa2ef');
insert into schedule_payment (id, date_payment, amount_payment, body_repayment, interest_repayment, offer_id) values ('dbf99b95-38ee-4969-851f-9b15c1cbca65', '2021-09-22', 10294, 8235.2, 2058.8, '9aa898a5-8dbb-410f-acc5-f627e0380547');
insert into schedule_payment (id, date_payment, amount_payment, body_repayment, interest_repayment, offer_id) values ('efe6c548-323b-4391-aecf-f09192e2f7a8', '2021-07-07', 11870, 9496, 2374, '4d6db957-db57-40c1-aed1-26c666461277');
insert into schedule_payment (id, date_payment, amount_payment, body_repayment, interest_repayment, offer_id) values ('004eadc4-b780-481a-9779-08ab5fb8a0b6', '2021-07-16', 12348, 9878.4, 2469.6, 'db181a09-dcac-44f1-85f6-33f4ece5f4cd');
insert into schedule_payment (id, date_payment, amount_payment, body_repayment, interest_repayment, offer_id) values ('c502f5f0-701f-45c8-88f9-2600cf91337d', '2020-11-13', 2051, 1640.8, 410.2, '560d116a-439a-4741-a7e5-2ce158e79767');
insert into schedule_payment (id, date_payment, amount_payment, body_repayment, interest_repayment, offer_id) values ('37674ce7-58e7-4290-84bc-bf67edc06391', '2021-06-04', 7286, 5828.8, 1457.2, '59c404c8-08e7-42e0-a26b-e7b90cfbd920');
insert into schedule_payment (id, date_payment, amount_payment, body_repayment, interest_repayment, offer_id) values ('ec946fdd-fa47-41cc-90b2-3050a7f6bb7f', '2021-03-25', 9056, 7244.8, 1811.2, 'fa7e480b-db24-4d61-9b8c-2cf2e57defb0');
insert into schedule_payment (id, date_payment, amount_payment, body_repayment, interest_repayment, offer_id) values ('1252a287-0391-4b7b-a87a-aad2591646fb', '2020-10-03', 10596, 8476.8, 2119.2, 'cce77a54-24ea-43ef-993b-ab11cb654583');
insert into schedule_payment (id, date_payment, amount_payment, body_repayment, interest_repayment, offer_id) values ('d4503db3-160a-4768-ac95-c6df693b7aad', '2021-06-29', 14535, 11628, 2907, 'fe3990f3-fdc9-4a68-af2c-c08c7c9e3a25');
insert into schedule_payment (id, date_payment, amount_payment, body_repayment, interest_repayment, offer_id) values ('5f10d1fb-d1bc-404f-b294-c547d3657579', '2021-05-21', 2056, 1644.8, 411.2, '9840728c-75d0-4f87-8031-42afda9dcff2');
insert into schedule_payment (id, date_payment, amount_payment, body_repayment, interest_repayment, offer_id) values ('7e34f241-b42b-4a5d-b32a-668a892959a5', '2021-07-05', 10806, 8644.8, 2161.2, '338c8b24-d2d1-44cf-90b4-d460e3c6ac84');
insert into schedule_payment (id, date_payment, amount_payment, body_repayment, interest_repayment, offer_id) values ('104cb3ac-e87a-47e0-a03e-658d536d97f4', '2021-08-01', 8454, 6763.2, 1690.8, '4f8d670c-a5c2-423f-8121-a5fb8ebd3715');
insert into schedule_payment (id, date_payment, amount_payment, body_repayment, interest_repayment, offer_id) values ('2d5f33bb-64ab-4ca0-b5db-a9a863566243', '2021-03-10', 3749, 2999.2, 749.8, '7c5ac0ee-fc5d-4c87-bc6f-53fedd36328c');
insert into schedule_payment (id, date_payment, amount_payment, body_repayment, interest_repayment, offer_id) values ('42ace0e6-83b2-4e5d-b013-5ae78c428f3c', '2021-09-13', 13220, 10576, 2644, '9b3422d1-c6f2-41b6-8a19-4e3b70699b0a');
insert into schedule_payment (id, date_payment, amount_payment, body_repayment, interest_repayment, offer_id) values ('de1a05af-075f-4063-bd31-1a58adb83ac1', '2021-05-18', 5783, 4626.4, 1156.6, '6f7a9260-d1ac-4359-ba5c-9d36b5c60b43');
insert into schedule_payment (id, date_payment, amount_payment, body_repayment, interest_repayment, offer_id) values ('a69045ed-d483-472f-913a-f03045aea737', '2021-03-11', 10052, 8041.6, 2010.4, '87a01b5c-a7ad-4647-868c-df46125781a3');
insert into schedule_payment (id, date_payment, amount_payment, body_repayment, interest_repayment, offer_id) values ('d83a1244-3465-4aa4-9180-03752635d6d6', '2020-12-22', 4295, 3436, 859, '11d8de38-9f4e-4726-a5f7-f7c5fc235d30');
insert into schedule_payment (id, date_payment, amount_payment, body_repayment, interest_repayment, offer_id) values ('fe705ecb-6a65-48cc-9399-d6b0c768cb7c', '2021-05-23', 4810, 3848, 962, '0e7ddef3-e8aa-4460-927e-25c831d4e0cb');
insert into schedule_payment (id, date_payment, amount_payment, body_repayment, interest_repayment, offer_id) values ('b486181e-2da4-430e-8beb-6ae008dc9421', '2021-01-10', 10914, 8731.2, 2182.8, '39791b05-f4af-4619-a789-c895355a0aae');
insert into schedule_payment (id, date_payment, amount_payment, body_repayment, interest_repayment, offer_id) values ('9ee8b589-71ad-4eec-aae4-e80e4e37035a', '2021-03-01', 11827, 9461.6, 2365.4, '8e79e0d2-0cb5-49be-b668-f908143f7237');
insert into schedule_payment (id, date_payment, amount_payment, body_repayment, interest_repayment, offer_id) values ('10970c79-3b59-49c2-9fa7-a494bb0bb663', '2021-02-13', 9515, 7612, 1903, '6abe63fc-bbd4-4fd3-9cec-d726ec234d13');
insert into schedule_payment (id, date_payment, amount_payment, body_repayment, interest_repayment, offer_id) values ('bcf3ed52-1b27-4cd6-b10b-a641aaefdd1e', '2021-02-27', 2362, 1889.6, 472.4, '5cce4df9-fe3b-47bd-a3e5-dddffcc3cb14');
insert into schedule_payment (id, date_payment, amount_payment, body_repayment, interest_repayment, offer_id) values ('174f43e8-aa0b-4268-ae47-ee6bcc47d95a', '2020-09-24', 14453, 11562.4, 2890.6, '18f496a3-f443-4da7-9444-5738dcf09683');
insert into schedule_payment (id, date_payment, amount_payment, body_repayment, interest_repayment, offer_id) values ('eb3839cc-a49c-420c-8972-5babd4b79b3a', '2021-05-19', 2466, 1972.8, 493.2, 'b8aa6cdf-b491-4a41-bbbb-5e43c5b34dd1');
insert into schedule_payment (id, date_payment, amount_payment, body_repayment, interest_repayment, offer_id) values ('45fc7bc7-41d0-45ce-8ae9-b84a34aef7f0', '2021-03-12', 13822, 11057.6, 2764.4, '2c8393ab-bf1d-4cdd-b402-6d06a116534b');
insert into schedule_payment (id, date_payment, amount_payment, body_repayment, interest_repayment, offer_id) values ('20050341-d855-412c-bbab-a0669bedd732', '2021-07-02', 10574, 8459.2, 2114.8, '8c999782-2eb6-4f1a-9d84-d556d0c5eb2a');
insert into schedule_payment (id, date_payment, amount_payment, body_repayment, interest_repayment, offer_id) values ('60ee38a5-a5ad-472f-8699-d14bab5ebc86', '2021-03-18', 8526, 6820.8, 1705.2, 'd566edf3-17ac-4bdf-8d95-830a2fb15d89');
insert into schedule_payment (id, date_payment, amount_payment, body_repayment, interest_repayment, offer_id) values ('4e52f33f-3bac-487f-9b65-d8629138061e', '2021-01-21', 2900, 2320, 580, '5d4cb77a-3dac-480b-b618-d2a60bd22e4a');
insert into schedule_payment (id, date_payment, amount_payment, body_repayment, interest_repayment, offer_id) values ('95d2d4a1-b9e1-4914-a579-47e5a0d4eb79', '2020-11-14', 4852, 3881.6, 970.4, 'e22e36c7-8a57-4f2b-b4f1-c92760ccfbca');
insert into schedule_payment (id, date_payment, amount_payment, body_repayment, interest_repayment, offer_id) values ('7fa39af4-89cf-4a09-b1e0-05fdf3bbbcd3', '2020-12-02', 4336, 3468.8, 867.2, '5485025a-6299-4b12-ba25-4f067b58c7c2');
insert into schedule_payment (id, date_payment, amount_payment, body_repayment, interest_repayment, offer_id) values ('6ccc3e49-ba75-469b-b852-77bdc8077468', '2020-10-26', 7716, 6172.8, 1543.2, 'aa8d40fe-f614-43f8-897c-a338d6203147');
insert into schedule_payment (id, date_payment, amount_payment, body_repayment, interest_repayment, offer_id) values ('4b1bc51a-a6cb-42d9-8700-887071e78431', '2021-02-24', 12682, 10145.6, 2536.4, '9111db81-325b-4784-a9a5-1a65df1b435e');
insert into schedule_payment (id, date_payment, amount_payment, body_repayment, interest_repayment, offer_id) values ('8fbcf3aa-a88f-426e-9f6f-fd68b3e6ac55', '2020-11-05', 13549, 10839.2, 2709.8, 'adfd4601-acef-4cc3-97ef-6a08cdaa98ef');
insert into schedule_payment (id, date_payment, amount_payment, body_repayment, interest_repayment, offer_id) values ('cee74065-63e8-47c1-a36f-2acc60cf5384', '2020-10-21', 10462, 8369.6, 2092.4, 'd4b4827f-d98f-4023-a787-8f74b60bdd45');
insert into schedule_payment (id, date_payment, amount_payment, body_repayment, interest_repayment, offer_id) values ('641e9fd9-b562-403d-b34c-b8ba9a7cb836', '2021-06-26', 14392, 11513.6, 2878.4, 'fa72f5c5-aa8f-40cf-92c7-546f0996c844');
insert into schedule_payment (id, date_payment, amount_payment, body_repayment, interest_repayment, offer_id) values ('620fa3dc-08ae-4995-8f55-b0178091e1c9', '2021-03-31', 9063, 7250.4, 1812.6, '151513fe-6b52-44d6-8a62-c09e31926f4d');
insert into schedule_payment (id, date_payment, amount_payment, body_repayment, interest_repayment, offer_id) values ('7ee38982-4536-4405-aef7-00f16fa816bd', '2020-12-27', 7116, 5692.8, 1423.2, '9f9d48f8-109d-43c9-bfce-5430aeedbb3f');
insert into schedule_payment (id, date_payment, amount_payment, body_repayment, interest_repayment, offer_id) values ('40a02ab3-cbba-4c55-81c2-566d26993dba', '2020-10-08', 7655, 6124, 1531, 'b31c9021-722b-461d-8934-3fc3afb9518f');
insert into schedule_payment (id, date_payment, amount_payment, body_repayment, interest_repayment, offer_id) values ('45376e9e-bf5b-46a2-bb14-cf3fdf027b8f', '2021-08-22', 10824, 8659.2, 2164.8, 'c3982c39-0eb1-4363-a0bd-0c1756b2dbd3');
insert into schedule_payment (id, date_payment, amount_payment, body_repayment, interest_repayment, offer_id) values ('4957ef1d-d8bf-470c-8559-e7f83375d370', '2021-02-23', 7581, 6064.8, 1516.2, '7073a24a-a172-4a1f-9410-a690f43511b2');
insert into schedule_payment (id, date_payment, amount_payment, body_repayment, interest_repayment, offer_id) values ('ec57030d-977d-4df0-88be-0577e60d2ae1', '2021-02-13', 10955, 8764, 2191, 'ed0e2847-960a-4101-aa71-994814959244');
insert into schedule_payment (id, date_payment, amount_payment, body_repayment, interest_repayment, offer_id) values ('764e5ca7-bca9-4f18-919f-75f3794d6045', '2021-07-06', 6864, 5491.2, 1372.8, '6116e37c-4a28-42f1-862f-a7ed96f65ecb');
insert into schedule_payment (id, date_payment, amount_payment, body_repayment, interest_repayment, offer_id) values ('3ebd4927-e79c-4bb3-a8c2-1d82c6a576c8', '2020-10-18', 8798, 7038.4, 1759.6, 'e93f8f93-a8b3-4fbe-87f6-f3976d49d17c');
insert into schedule_payment (id, date_payment, amount_payment, body_repayment, interest_repayment, offer_id) values ('43c79d91-0475-49e4-bfe8-00b78f2ee014', '2021-05-28', 13353, 10682.4, 2670.6, '510b8acb-863f-4ac3-9c1c-7573c8983fca');
insert into schedule_payment (id, date_payment, amount_payment, body_repayment, interest_repayment, offer_id) values ('4eb7fc3e-071a-4797-ab4a-399445075920', '2021-08-14', 7244, 5795.2, 1448.8, '6653e6a6-6b7a-4249-9aa1-40afd1b9ee77');
insert into schedule_payment (id, date_payment, amount_payment, body_repayment, interest_repayment, offer_id) values ('7c24ad52-5c36-4436-915e-a15f9c585b18', '2021-04-03', 7137, 5709.6, 1427.4, '531ba920-e7c7-446a-9ad5-34d5ebabfa2e');
insert into schedule_payment (id, date_payment, amount_payment, body_repayment, interest_repayment, offer_id) values ('5920a72d-b32b-447e-ba42-114ccfb4d5f3', '2021-06-06', 4949, 3959.2, 989.8, '3dcf708c-3400-4b47-b52a-cafe790997cd');
insert into schedule_payment (id, date_payment, amount_payment, body_repayment, interest_repayment, offer_id) values ('bf0421d0-bfc2-4db8-98ad-b855f0cf3941', '2021-01-30', 4544, 3635.2, 908.8, '8a1e6156-6697-4927-9ff2-f5977a20781a');
insert into schedule_payment (id, date_payment, amount_payment, body_repayment, interest_repayment, offer_id) values ('7692554c-e4ae-4633-8d3f-795dc5a9e6b3', '2020-10-08', 5284, 4227.2, 1056.8, '4ef89fb3-283e-46c8-be43-a5a1c8cb3848');
insert into schedule_payment (id, date_payment, amount_payment, body_repayment, interest_repayment, offer_id) values ('6cf5ce8d-b9f3-47ca-b317-bd013c4cdb48', '2021-04-19', 12203, 9762.4, 2440.6, '9dfca2b0-3f64-4091-9d50-eb5d987eb1da');
insert into schedule_payment (id, date_payment, amount_payment, body_repayment, interest_repayment, offer_id) values ('c4036a5b-59d5-4a91-8702-0361f745c83b', '2021-09-22', 14015, 11212, 2803, '1849bab0-4b95-4eb8-b2a2-4d51eed88c53');
insert into schedule_payment (id, date_payment, amount_payment, body_repayment, interest_repayment, offer_id) values ('e3ecc64c-5430-4a06-9a2f-1524af48a282', '2021-05-28', 3303, 2642.4, 660.6, '10312530-4dd1-4c5f-bd36-cd7cd15b32a8');
insert into schedule_payment (id, date_payment, amount_payment, body_repayment, interest_repayment, offer_id) values ('7796aa88-c61c-4323-8ba1-d87e5048d530', '2021-04-17', 3465, 2772, 693, 'c7d0f815-2067-4f73-ae26-130853f5e278');
insert into schedule_payment (id, date_payment, amount_payment, body_repayment, interest_repayment, offer_id) values ('7c2a50c5-7b5a-48b4-bf06-b99ced652a5c', '2021-04-28', 1589, 1271.2, 317.8, 'ec3d66c8-de99-4d16-88ec-93343b39b8e2');
insert into schedule_payment (id, date_payment, amount_payment, body_repayment, interest_repayment, offer_id) values ('3108f402-9c6b-4b84-9eeb-7b6868d822a8', '2021-08-03', 13012, 10409.6, 2602.4, '7ee1a0fa-b2c3-4878-94aa-8202108de3f0');
insert into schedule_payment (id, date_payment, amount_payment, body_repayment, interest_repayment, offer_id) values ('114bcd3c-6ff7-4a04-9aa5-fa2af5ad6b83', '2021-03-30', 5756, 4604.8, 1151.2, 'ad201abd-f299-4a0b-af58-86ea06ee1f68');
insert into schedule_payment (id, date_payment, amount_payment, body_repayment, interest_repayment, offer_id) values ('da7184a8-6a35-40e6-8cd1-8efeb5e8efb5', '2021-06-13', 9925, 7940, 1985, 'af51fbd3-4e2e-490c-867d-7cc4ee0b99ff');
insert into schedule_payment (id, date_payment, amount_payment, body_repayment, interest_repayment, offer_id) values ('f77c072f-fe5c-471e-a1bb-c437e0869719', '2021-05-30', 3467, 2773.6, 693.4, 'ecc71c9c-d611-4140-ab9b-c3d8ac579bf3');
insert into schedule_payment (id, date_payment, amount_payment, body_repayment, interest_repayment, offer_id) values ('b6a78a7d-a017-4260-8169-7244231861bb', '2021-03-26', 7527, 6021.6, 1505.4, 'e023c29f-6e8d-4cca-acb8-e5a787af691e');
insert into schedule_payment (id, date_payment, amount_payment, body_repayment, interest_repayment, offer_id) values ('a1c2855c-7db1-4d9b-a997-19a5df309854', '2020-11-23', 5561, 4448.8, 1112.2, 'cf975447-5f7f-409a-b686-ca41fa11e63b');
insert into schedule_payment (id, date_payment, amount_payment, body_repayment, interest_repayment, offer_id) values ('bbc29a96-d2b8-4796-8e97-2a24fea42b5b', '2021-05-04', 12341, 9872.8, 2468.2, '4a4fcc89-f641-4ec8-8947-bdca0edd6f19');
insert into schedule_payment (id, date_payment, amount_payment, body_repayment, interest_repayment, offer_id) values ('471040ab-a61e-4cd6-a00f-d15314d42613', '2020-12-08', 1346, 1076.8, 269.2, '47ac794b-d861-4900-bf8c-8e5c317d683e');
insert into schedule_payment (id, date_payment, amount_payment, body_repayment, interest_repayment, offer_id) values ('336d83cb-c505-401a-a81a-fbef9bcb28e8', '2021-05-09', 2174, 1739.2, 434.8, 'f0939c23-c377-4d50-a0df-412655cdd46d');
insert into schedule_payment (id, date_payment, amount_payment, body_repayment, interest_repayment, offer_id) values ('f5977e6c-426c-4cfb-b6ca-9b9857f8110b', '2020-12-19', 1274, 1019.2, 254.8, '4e3d0164-9a9f-47c3-ac05-9ca6b8c2a967');
insert into schedule_payment (id, date_payment, amount_payment, body_repayment, interest_repayment, offer_id) values ('fb6d76fa-d4ff-49ac-8202-690cd3942815', '2021-01-09', 7143, 5714.4, 1428.6, '7bbf0a7c-46a6-42a3-aaac-b4733f1b9c2f');
insert into schedule_payment (id, date_payment, amount_payment, body_repayment, interest_repayment, offer_id) values ('0087811c-2490-4d86-a9c9-63beeb60acc5', '2020-10-14', 10248, 8198.4, 2049.6, 'e7936c09-eb4f-4c67-9789-ee7b8ceaf5b8');
insert into schedule_payment (id, date_payment, amount_payment, body_repayment, interest_repayment, offer_id) values ('e90a0e76-75aa-4316-beaa-cb90b8e3a175', '2021-01-15', 5176, 4140.8, 1035.2, 'f2fce4b4-368d-41aa-a970-ef3717c1173b');
insert into schedule_payment (id, date_payment, amount_payment, body_repayment, interest_repayment, offer_id) values ('6c3889db-d191-40e6-ae65-fed4445cda28', '2021-09-16', 3663, 2930.4, 732.6, '2bfbe4ab-2d02-478e-8ff5-fd415552fa09');
insert into schedule_payment (id, date_payment, amount_payment, body_repayment, interest_repayment, offer_id) values ('0564a7a3-dc6f-4d47-bcfb-3bb5e6cf77af', '2021-01-12', 14525, 11620, 2905, '4999e3cf-2d28-45ac-ada2-50ef0ba1e8fe');
insert into schedule_payment (id, date_payment, amount_payment, body_repayment, interest_repayment, offer_id) values ('566d7080-29e0-4213-86b6-ad0421f0a269', '2020-12-06', 7065, 5652, 1413, '078e590a-6099-4e75-843e-567bc083f9c6');
insert into schedule_payment (id, date_payment, amount_payment, body_repayment, interest_repayment, offer_id) values ('d054cd78-aa4a-4edd-ae29-74da37389854', '2021-07-17', 1558, 1246.4, 311.6, '5d7532f9-57a2-4c0e-8259-48eec51bafa8');
insert into schedule_payment (id, date_payment, amount_payment, body_repayment, interest_repayment, offer_id) values ('d157fe3f-2d90-4e56-9f61-ff5f1df0cfe1', '2021-04-16', 13920, 11136, 2784, 'c1927662-2efc-40a5-8ab3-c018e4f4724f');
insert into schedule_payment (id, date_payment, amount_payment, body_repayment, interest_repayment, offer_id) values ('46f6985e-0a57-4082-bc17-41bfdd428ddd', '2021-06-14', 10221, 8176.8, 2044.2, 'c614b249-3741-46b8-8c0f-ad1c30c299ef');
insert into schedule_payment (id, date_payment, amount_payment, body_repayment, interest_repayment, offer_id) values ('4c04e47d-2ecb-4f13-b238-140485f21180', '2021-03-09', 1382, 1105.6, 276.4, '1ffd97c2-47b2-420c-9872-2250cce0dff5');
insert into schedule_payment (id, date_payment, amount_payment, body_repayment, interest_repayment, offer_id) values ('9e786b23-f501-4872-ab47-df2d6f598e0a', '2020-11-03', 3833, 3066.4, 766.6, 'a6b9606a-5623-4bc5-9c50-37f34f118e09');
insert into schedule_payment (id, date_payment, amount_payment, body_repayment, interest_repayment, offer_id) values ('877668f2-28cf-44af-9d93-c2bb5919e5e7', '2021-04-20', 7566, 6052.8, 1513.2, '6e79a033-2b37-49fb-a6a2-36c9d5d2fc4e');
insert into schedule_payment (id, date_payment, amount_payment, body_repayment, interest_repayment, offer_id) values ('bd146ded-7c65-4531-a429-e638e641c871', '2021-06-17', 8024, 6419.2, 1604.8, '85e27074-e6c1-4893-92c2-057816ea0b85');
insert into schedule_payment (id, date_payment, amount_payment, body_repayment, interest_repayment, offer_id) values ('7d303b23-58eb-4beb-aec1-535fdcebdac5', '2021-08-03', 4834, 3867.2, 966.8, '2057a8a1-2225-404d-a94c-df98121d5388');
insert into schedule_payment (id, date_payment, amount_payment, body_repayment, interest_repayment, offer_id) values ('e32f1249-b968-4ca8-bcec-a639d2ac6aea', '2021-02-01', 12567, 10053.6, 2513.4, '9c5c0f08-6c4a-4578-8059-fbd9eb0a519a');
insert into schedule_payment (id, date_payment, amount_payment, body_repayment, interest_repayment, offer_id) values ('8635b715-7705-45ef-8667-c2e1e7f069eb', '2021-09-16', 13153, 10522.4, 2630.6, 'e694b6b5-d683-461c-ab95-cc8d1ff37a49');
insert into schedule_payment (id, date_payment, amount_payment, body_repayment, interest_repayment, offer_id) values ('0675d578-f3f1-473a-bb43-bde6d7baa643', '2021-06-05', 2605, 2084, 521, '5944d9dd-95ab-44f2-819a-98e12aef1885');
insert into schedule_payment (id, date_payment, amount_payment, body_repayment, interest_repayment, offer_id) values ('8fdd4431-8a86-47a5-94e9-1b8ed8686c94', '2020-10-25', 4184, 3347.2, 836.8, 'b1b84857-8bd2-4d31-b79a-372049e45a4b');
insert into schedule_payment (id, date_payment, amount_payment, body_repayment, interest_repayment, offer_id) values ('7e6d6b5b-3a68-4a2c-8f9e-ec9bb6a4f1a2', '2021-05-29', 13170, 10536, 2634, '7e3af022-4333-4cf3-bda9-144169f5798a');
insert into schedule_payment (id, date_payment, amount_payment, body_repayment, interest_repayment, offer_id) values ('5ee2c740-2684-420a-8de6-bfb2f0b5c866', '2021-04-25', 1564, 1251.2, 312.8, '5e86b3dc-43b1-4843-98d3-bd31f3854eae');
insert into schedule_payment (id, date_payment, amount_payment, body_repayment, interest_repayment, offer_id) values ('b39b187f-411a-48fc-bfe9-e28fad1370f0', '2021-07-07', 4121, 3296.8, 824.2, '4523a068-7eae-44ac-ae62-5f8d479ad079');
insert into schedule_payment (id, date_payment, amount_payment, body_repayment, interest_repayment, offer_id) values ('3b0561b2-cf6b-450d-bc54-10d17a81c71c', '2021-06-28', 9861, 7888.8, 1972.2, '9fa1a9de-a99a-43ff-be5c-1ea5224dbd0d');
insert into schedule_payment (id, date_payment, amount_payment, body_repayment, interest_repayment, offer_id) values ('b6567bab-ff6c-46b8-94c4-1ff0a2ed7243', '2021-06-23', 7250, 5800, 1450, '362d5e6f-bc50-42b1-945d-b913ea8364db');
insert into schedule_payment (id, date_payment, amount_payment, body_repayment, interest_repayment, offer_id) values ('b6e992e1-e868-478d-8c0d-805e1a6a7960', '2021-08-22', 14168, 11334.4, 2833.6, '39c6da5b-8270-4384-a95b-f2263509b311');
insert into schedule_payment (id, date_payment, amount_payment, body_repayment, interest_repayment, offer_id) values ('be9a9ea9-8adf-4cf6-b369-c2f00e7bbc5c', '2021-01-07', 1444, 1155.2, 288.8, '0150f011-1641-485a-ba33-523b6f6468da');
insert into schedule_payment (id, date_payment, amount_payment, body_repayment, interest_repayment, offer_id) values ('085d0ed6-c92e-4d7f-ad5d-905e47cd6d22', '2021-08-04', 6278, 5022.4, 1255.6, 'b8e93c28-6069-4214-b7d0-595c6e5909a9');
insert into schedule_payment (id, date_payment, amount_payment, body_repayment, interest_repayment, offer_id) values ('9d86d20e-c6dc-4791-a091-ae8effb6d0a7', '2021-01-24', 14401, 11520.8, 2880.2, '0f7eb937-ec1c-4e45-a6c4-5d08c2f8ef0f');
insert into schedule_payment (id, date_payment, amount_payment, body_repayment, interest_repayment, offer_id) values ('81915252-5c82-4b18-a986-fee6a90cfe16', '2021-08-18', 9492, 7593.6, 1898.4, '1ce9f264-6c19-4628-a4f2-e2c6c8d03db8');
insert into schedule_payment (id, date_payment, amount_payment, body_repayment, interest_repayment, offer_id) values ('4fd5c85c-a31a-409d-8981-163714dc299f', '2021-01-12', 8916, 7132.8, 1783.2, '0e1344ca-24cf-416d-ba3f-e92e443dbb2a');
insert into schedule_payment (id, date_payment, amount_payment, body_repayment, interest_repayment, offer_id) values ('07f24877-95a8-4496-b4f6-19bf3e523d32', '2021-08-17', 9659, 7727.2, 1931.8, '924ad5cd-4941-4e83-9dea-7faf3dbba05e');
insert into schedule_payment (id, date_payment, amount_payment, body_repayment, interest_repayment, offer_id) values ('6cde1f16-2ef8-44ff-8592-8a4394efd503', '2020-10-02', 10619, 8495.2, 2123.8, '221c8d8e-a079-427b-9325-76c0955d8d28');
insert into schedule_payment (id, date_payment, amount_payment, body_repayment, interest_repayment, offer_id) values ('ebc18475-0a1e-4458-9458-6d7654a7f11a', '2020-12-11', 9986, 7988.8, 1997.2, '69708f5b-6adc-4b38-9f57-782aea4a802a');
insert into schedule_payment (id, date_payment, amount_payment, body_repayment, interest_repayment, offer_id) values ('f44e0361-0e33-4734-8e87-bd4817bca9a0', '2020-10-05', 8074, 6459.2, 1614.8, '989214d4-f99a-4ad3-8bf9-06229332b37d');
insert into schedule_payment (id, date_payment, amount_payment, body_repayment, interest_repayment, offer_id) values ('a42a41ec-4755-4fae-b446-2be93cdd3eac', '2020-10-03', 10875, 8700, 2175, '32bd32a2-6f4e-4e8f-8a12-24285354362a');
insert into schedule_payment (id, date_payment, amount_payment, body_repayment, interest_repayment, offer_id) values ('58f38610-718d-476a-9074-c27674f29bad', '2021-03-17', 13407, 10725.6, 2681.4, '3199dff1-2f65-4b65-8678-0817cc334eb5');
insert into schedule_payment (id, date_payment, amount_payment, body_repayment, interest_repayment, offer_id) values ('d08fdfb1-5b26-4ecc-b95f-e26a6660a416', '2021-08-19', 10399, 8319.2, 2079.8, '4d918185-e965-4f80-a26b-7793f2d8ced4');
insert into schedule_payment (id, date_payment, amount_payment, body_repayment, interest_repayment, offer_id) values ('a65d6f26-75a9-4808-8da1-9fc4ffd5e467', '2021-01-27', 2110, 1688, 422, '6cb75357-ad45-4dd3-b74b-30813bbfa2ef');
insert into schedule_payment (id, date_payment, amount_payment, body_repayment, interest_repayment, offer_id) values ('5e7a25b9-4216-479f-9885-86ca23b4af11', '2021-03-24', 7056, 5644.8, 1411.2, '9aa898a5-8dbb-410f-acc5-f627e0380547');
insert into schedule_payment (id, date_payment, amount_payment, body_repayment, interest_repayment, offer_id) values ('98884962-fa21-4d24-a94f-3dece8c89736', '2020-10-09', 6811, 5448.8, 1362.2, '4d6db957-db57-40c1-aed1-26c666461277');
insert into schedule_payment (id, date_payment, amount_payment, body_repayment, interest_repayment, offer_id) values ('ea8cf43f-54ce-4b47-8a17-9d1af3a7dd7c', '2020-12-12', 6409, 5127.2, 1281.8, 'db181a09-dcac-44f1-85f6-33f4ece5f4cd');
insert into schedule_payment (id, date_payment, amount_payment, body_repayment, interest_repayment, offer_id) values ('62cdc3b7-ec2c-4a56-aa86-32000394bed1', '2021-07-03', 8519, 6815.2, 1703.8, '560d116a-439a-4741-a7e5-2ce158e79767');
insert into schedule_payment (id, date_payment, amount_payment, body_repayment, interest_repayment, offer_id) values ('5b78f49a-7530-46f6-9114-0e0e16a3e2ab', '2021-03-20', 9217, 7373.6, 1843.4, '59c404c8-08e7-42e0-a26b-e7b90cfbd920');
insert into schedule_payment (id, date_payment, amount_payment, body_repayment, interest_repayment, offer_id) values ('0975aa01-38fa-4da5-a147-eacdfa2e39b2', '2021-08-05', 7277, 5821.6, 1455.4, 'fa7e480b-db24-4d61-9b8c-2cf2e57defb0');
insert into schedule_payment (id, date_payment, amount_payment, body_repayment, interest_repayment, offer_id) values ('f772087a-fc55-4b9e-9c3e-2be3a5393cde', '2020-12-07', 7621, 6096.8, 1524.2, 'cce77a54-24ea-43ef-993b-ab11cb654583');
insert into schedule_payment (id, date_payment, amount_payment, body_repayment, interest_repayment, offer_id) values ('ab4c806b-5d76-475f-9f63-f62fda6b7f72', '2021-05-19', 3456, 2764.8, 691.2, 'fe3990f3-fdc9-4a68-af2c-c08c7c9e3a25');
insert into schedule_payment (id, date_payment, amount_payment, body_repayment, interest_repayment, offer_id) values ('19566974-4a5e-4e1f-97b1-e65009bdae8b', '2021-05-27', 6136, 4908.8, 1227.2, '9840728c-75d0-4f87-8031-42afda9dcff2');
insert into schedule_payment (id, date_payment, amount_payment, body_repayment, interest_repayment, offer_id) values ('23c71f75-73ac-452b-a04e-c5aa7a58ec88', '2020-12-15', 2758, 2206.4, 551.6, '338c8b24-d2d1-44cf-90b4-d460e3c6ac84');
insert into schedule_payment (id, date_payment, amount_payment, body_repayment, interest_repayment, offer_id) values ('0834ee31-58ec-48d6-aeae-68f159cbd406', '2021-07-26', 5144, 4115.2, 1028.8, '4f8d670c-a5c2-423f-8121-a5fb8ebd3715');
insert into schedule_payment (id, date_payment, amount_payment, body_repayment, interest_repayment, offer_id) values ('59c50d74-f943-4bdb-aab1-402ebc8558fd', '2021-03-30', 13891, 11112.8, 2778.2, '7c5ac0ee-fc5d-4c87-bc6f-53fedd36328c');
insert into schedule_payment (id, date_payment, amount_payment, body_repayment, interest_repayment, offer_id) values ('97b8ccb8-ad76-4a9a-bc80-29ce228a20cc', '2020-10-17', 1037, 829.6, 207.4, '9b3422d1-c6f2-41b6-8a19-4e3b70699b0a');
insert into schedule_payment (id, date_payment, amount_payment, body_repayment, interest_repayment, offer_id) values ('75db9f8c-bb83-4c29-a100-b2a06556ce79', '2021-05-05', 1916, 1532.8, 383.2, '6f7a9260-d1ac-4359-ba5c-9d36b5c60b43');
insert into schedule_payment (id, date_payment, amount_payment, body_repayment, interest_repayment, offer_id) values ('d2206e0d-f412-4302-8481-170196f538a0', '2021-05-06', 9626, 7700.8, 1925.2, '87a01b5c-a7ad-4647-868c-df46125781a3');
insert into schedule_payment (id, date_payment, amount_payment, body_repayment, interest_repayment, offer_id) values ('c6f4d116-9f1c-4042-b5b6-2477854a5562', '2021-04-06', 12800, 10240, 2560, '11d8de38-9f4e-4726-a5f7-f7c5fc235d30');
insert into schedule_payment (id, date_payment, amount_payment, body_repayment, interest_repayment, offer_id) values ('5a3588cc-c153-4813-9021-8bd4e5dea521', '2021-09-18', 11000, 8800, 2200, '0e7ddef3-e8aa-4460-927e-25c831d4e0cb');
insert into schedule_payment (id, date_payment, amount_payment, body_repayment, interest_repayment, offer_id) values ('062fc4d6-53dd-4502-92e6-d291f29ad86e', '2021-06-02', 9701, 7760.8, 1940.2, '39791b05-f4af-4619-a789-c895355a0aae');
insert into schedule_payment (id, date_payment, amount_payment, body_repayment, interest_repayment, offer_id) values ('2339c4a2-8a58-4d24-8749-e18fb6e8bd10', '2020-11-30', 7606, 6084.8, 1521.2, '8e79e0d2-0cb5-49be-b668-f908143f7237');
insert into schedule_payment (id, date_payment, amount_payment, body_repayment, interest_repayment, offer_id) values ('f251825a-5a01-4981-80dd-2f12e630d0c4', '2021-04-29', 2411, 1928.8, 482.2, '6abe63fc-bbd4-4fd3-9cec-d726ec234d13');
insert into schedule_payment (id, date_payment, amount_payment, body_repayment, interest_repayment, offer_id) values ('81104e0c-e2d4-481b-9511-03d6e8746700', '2020-09-30', 4192, 3353.6, 838.4, '5cce4df9-fe3b-47bd-a3e5-dddffcc3cb14');
insert into schedule_payment (id, date_payment, amount_payment, body_repayment, interest_repayment, offer_id) values ('daa90bb8-dfb0-452c-83e8-7ed46bbe9df3', '2020-11-11', 12572, 10057.6, 2514.4, '18f496a3-f443-4da7-9444-5738dcf09683');
insert into schedule_payment (id, date_payment, amount_payment, body_repayment, interest_repayment, offer_id) values ('b0b6527e-8be8-4fd6-96be-102f7e391507', '2021-05-26', 5523, 4418.4, 1104.6, 'b8aa6cdf-b491-4a41-bbbb-5e43c5b34dd1');
insert into schedule_payment (id, date_payment, amount_payment, body_repayment, interest_repayment, offer_id) values ('17e50d60-8abb-4dd1-b327-f06361805cac', '2021-04-03', 12620, 10096, 2524, '2c8393ab-bf1d-4cdd-b402-6d06a116534b');
insert into schedule_payment (id, date_payment, amount_payment, body_repayment, interest_repayment, offer_id) values ('4f0e9f84-4984-4567-aad8-681c591cc420', '2021-07-27', 6428, 5142.4, 1285.6, '8c999782-2eb6-4f1a-9d84-d556d0c5eb2a');
insert into schedule_payment (id, date_payment, amount_payment, body_repayment, interest_repayment, offer_id) values ('054758b1-14dc-416f-88a9-1c67f88831ea', '2020-11-23', 1126, 900.8, 225.2, 'd566edf3-17ac-4bdf-8d95-830a2fb15d89');
insert into schedule_payment (id, date_payment, amount_payment, body_repayment, interest_repayment, offer_id) values ('3273df06-0c1e-4768-9121-028023477e07', '2021-04-20', 8410, 6728, 1682, '5d4cb77a-3dac-480b-b618-d2a60bd22e4a');
insert into schedule_payment (id, date_payment, amount_payment, body_repayment, interest_repayment, offer_id) values ('5e486d33-8c1c-4bf8-b30c-dea4d6fddb75', '2020-11-20', 3448, 2758.4, 689.6, 'e22e36c7-8a57-4f2b-b4f1-c92760ccfbca');
insert into schedule_payment (id, date_payment, amount_payment, body_repayment, interest_repayment, offer_id) values ('49c91960-0559-433b-891d-b10f3adb84ad', '2021-06-26', 10361, 8288.8, 2072.2, '5485025a-6299-4b12-ba25-4f067b58c7c2');
insert into schedule_payment (id, date_payment, amount_payment, body_repayment, interest_repayment, offer_id) values ('47a30e33-11be-4a84-9106-d4aec2ae58d8', '2021-01-13', 11493, 9194.4, 2298.6, 'aa8d40fe-f614-43f8-897c-a338d6203147');
insert into schedule_payment (id, date_payment, amount_payment, body_repayment, interest_repayment, offer_id) values ('f6bdf587-7b2b-4f19-ae18-9e6949854364', '2021-01-10', 10499, 8399.2, 2099.8, '9111db81-325b-4784-a9a5-1a65df1b435e');
insert into schedule_payment (id, date_payment, amount_payment, body_repayment, interest_repayment, offer_id) values ('3c918c5b-6c07-4a8c-806e-6598fda8d846', '2021-04-29', 3236, 2588.8, 647.2, 'adfd4601-acef-4cc3-97ef-6a08cdaa98ef');
insert into schedule_payment (id, date_payment, amount_payment, body_repayment, interest_repayment, offer_id) values ('50bef813-ed51-4807-a3eb-48e4807e4413', '2021-01-16', 7510, 6008, 1502, 'd4b4827f-d98f-4023-a787-8f74b60bdd45');
insert into schedule_payment (id, date_payment, amount_payment, body_repayment, interest_repayment, offer_id) values ('ba56f9c2-8a2a-4cce-95bd-809ef0ee1205', '2021-06-11', 13255, 10604, 2651, 'fa72f5c5-aa8f-40cf-92c7-546f0996c844');
insert into schedule_payment (id, date_payment, amount_payment, body_repayment, interest_repayment, offer_id) values ('8eb294b1-6f09-4233-a3dd-16a3f879aeb0', '2020-10-24', 1294, 1035.2, 258.8, '151513fe-6b52-44d6-8a62-c09e31926f4d');
insert into schedule_payment (id, date_payment, amount_payment, body_repayment, interest_repayment, offer_id) values ('95ce76df-6270-43a5-ba5e-611c560dd9de', '2021-02-01', 6528, 5222.4, 1305.6, '9f9d48f8-109d-43c9-bfce-5430aeedbb3f');
insert into schedule_payment (id, date_payment, amount_payment, body_repayment, interest_repayment, offer_id) values ('63904893-8827-4f79-90f1-f491edf34f3e', '2021-08-08', 5910, 4728, 1182, 'b31c9021-722b-461d-8934-3fc3afb9518f');
insert into schedule_payment (id, date_payment, amount_payment, body_repayment, interest_repayment, offer_id) values ('6671f834-0e9a-4d11-bb2c-867ecec52433', '2021-08-16', 10958, 8766.4, 2191.6, 'c3982c39-0eb1-4363-a0bd-0c1756b2dbd3');
insert into schedule_payment (id, date_payment, amount_payment, body_repayment, interest_repayment, offer_id) values ('6e2895e1-0846-4769-85a1-5d2138f9ef19', '2020-12-04', 9216, 7372.8, 1843.2, '7073a24a-a172-4a1f-9410-a690f43511b2');
insert into schedule_payment (id, date_payment, amount_payment, body_repayment, interest_repayment, offer_id) values ('d5ba66cf-5d0d-492b-af6c-2102a6c47bb5', '2020-10-29', 12149, 9719.2, 2429.8, 'ed0e2847-960a-4101-aa71-994814959244');
insert into schedule_payment (id, date_payment, amount_payment, body_repayment, interest_repayment, offer_id) values ('57791f43-7ec1-4969-bc9a-1249a7448ca1', '2021-03-03', 8800, 7040, 1760, '6116e37c-4a28-42f1-862f-a7ed96f65ecb');
insert into schedule_payment (id, date_payment, amount_payment, body_repayment, interest_repayment, offer_id) values ('722c4168-9052-423d-9e8d-19dd19a9d57f', '2021-09-20', 6996, 5596.8, 1399.2, 'e93f8f93-a8b3-4fbe-87f6-f3976d49d17c');
insert into schedule_payment (id, date_payment, amount_payment, body_repayment, interest_repayment, offer_id) values ('828573bb-0ed3-4496-902a-0c95e8bd52c2', '2020-09-23', 7855, 6284, 1571, '510b8acb-863f-4ac3-9c1c-7573c8983fca');
insert into schedule_payment (id, date_payment, amount_payment, body_repayment, interest_repayment, offer_id) values ('92238870-65f0-4f95-87ec-438f364aea73', '2021-01-25', 1576, 1260.8, 315.2, '6653e6a6-6b7a-4249-9aa1-40afd1b9ee77');
insert into schedule_payment (id, date_payment, amount_payment, body_repayment, interest_repayment, offer_id) values ('072dea74-6bbd-4cb1-ab2e-e9e9562468a9', '2021-04-29', 9589, 7671.2, 1917.8, '531ba920-e7c7-446a-9ad5-34d5ebabfa2e');
insert into schedule_payment (id, date_payment, amount_payment, body_repayment, interest_repayment, offer_id) values ('1394048b-2438-4c61-987d-51afd26e3422', '2021-07-27', 9598, 7678.4, 1919.6, '3dcf708c-3400-4b47-b52a-cafe790997cd');
insert into schedule_payment (id, date_payment, amount_payment, body_repayment, interest_repayment, offer_id) values ('48b5a7c6-35cf-4e1a-9a1b-025d44af1d23', '2020-12-06', 8524, 6819.2, 1704.8, '8a1e6156-6697-4927-9ff2-f5977a20781a');
insert into schedule_payment (id, date_payment, amount_payment, body_repayment, interest_repayment, offer_id) values ('1d1b99ae-e5f6-4fac-9283-dac04c347a27', '2021-02-18', 5153, 4122.4, 1030.6, '4ef89fb3-283e-46c8-be43-a5a1c8cb3848');
insert into schedule_payment (id, date_payment, amount_payment, body_repayment, interest_repayment, offer_id) values ('f97b12bf-64e4-4b99-8eea-16b78212378c', '2021-08-27', 6727, 5381.6, 1345.4, '9dfca2b0-3f64-4091-9d50-eb5d987eb1da');
insert into schedule_payment (id, date_payment, amount_payment, body_repayment, interest_repayment, offer_id) values ('f8d08c66-7960-45e1-a9f2-41786dfaaeb7', '2021-09-11', 10809, 8647.2, 2161.8, '1849bab0-4b95-4eb8-b2a2-4d51eed88c53');
insert into schedule_payment (id, date_payment, amount_payment, body_repayment, interest_repayment, offer_id) values ('1d303989-c506-4ff5-bd85-4a0ad6641cc2', '2021-07-16', 2323, 1858.4, 464.6, '10312530-4dd1-4c5f-bd36-cd7cd15b32a8');
insert into schedule_payment (id, date_payment, amount_payment, body_repayment, interest_repayment, offer_id) values ('5213fc21-d2f2-4024-9dfa-7f33d5b05cea', '2021-01-16', 10977, 8781.6, 2195.4, 'c7d0f815-2067-4f73-ae26-130853f5e278');
insert into schedule_payment (id, date_payment, amount_payment, body_repayment, interest_repayment, offer_id) values ('673faacb-d304-4595-b013-c61ed240d22c', '2021-07-24', 10218, 8174.4, 2043.6, 'ec3d66c8-de99-4d16-88ec-93343b39b8e2');
insert into schedule_payment (id, date_payment, amount_payment, body_repayment, interest_repayment, offer_id) values ('6c4d29e3-5a98-47a9-aecd-589e882dd85c', '2021-04-11', 8758, 7006.4, 1751.6, '7ee1a0fa-b2c3-4878-94aa-8202108de3f0');
insert into schedule_payment (id, date_payment, amount_payment, body_repayment, interest_repayment, offer_id) values ('509a5dc2-5fcf-4f3b-a98a-f96d89bee626', '2021-07-27', 8790, 7032, 1758, 'ad201abd-f299-4a0b-af58-86ea06ee1f68');
insert into schedule_payment (id, date_payment, amount_payment, body_repayment, interest_repayment, offer_id) values ('d9b2e0f2-104c-43db-9c7c-a6fd6ec398c2', '2021-02-26', 10666, 8532.8, 2133.2, 'af51fbd3-4e2e-490c-867d-7cc4ee0b99ff');
insert into schedule_payment (id, date_payment, amount_payment, body_repayment, interest_repayment, offer_id) values ('77153b0d-b3ee-428e-a4c1-3df074c4ef27', '2021-09-09', 7187, 5749.6, 1437.4, 'ecc71c9c-d611-4140-ab9b-c3d8ac579bf3');
insert into schedule_payment (id, date_payment, amount_payment, body_repayment, interest_repayment, offer_id) values ('2c312ebb-e013-47e6-b38b-162d0c96aa8a', '2020-12-27', 2795, 2236, 559, 'e023c29f-6e8d-4cca-acb8-e5a787af691e');
insert into schedule_payment (id, date_payment, amount_payment, body_repayment, interest_repayment, offer_id) values ('cb684b6f-e3b2-4254-94d1-d3ada4d4f738', '2021-02-19', 3242, 2593.6, 648.4, 'cf975447-5f7f-409a-b686-ca41fa11e63b');
insert into schedule_payment (id, date_payment, amount_payment, body_repayment, interest_repayment, offer_id) values ('404e4466-224a-492f-9f45-a1d37dab773f', '2020-12-12', 4229, 3383.2, 845.8, '4a4fcc89-f641-4ec8-8947-bdca0edd6f19');
insert into schedule_payment (id, date_payment, amount_payment, body_repayment, interest_repayment, offer_id) values ('a9bed088-f3fa-46ea-a349-f18d11c9117f', '2021-07-21', 8496, 6796.8, 1699.2, '47ac794b-d861-4900-bf8c-8e5c317d683e');
insert into schedule_payment (id, date_payment, amount_payment, body_repayment, interest_repayment, offer_id) values ('e2981d8f-dad6-4b56-85aa-8844b863a526', '2020-12-04', 10578, 8462.4, 2115.6, 'f0939c23-c377-4d50-a0df-412655cdd46d');
insert into schedule_payment (id, date_payment, amount_payment, body_repayment, interest_repayment, offer_id) values ('ae62e422-fea8-4c52-8771-d8105dfbf8cd', '2021-04-09', 7807, 6245.6, 1561.4, '4e3d0164-9a9f-47c3-ac05-9ca6b8c2a967');
insert into schedule_payment (id, date_payment, amount_payment, body_repayment, interest_repayment, offer_id) values ('45f17139-96fa-4f12-9960-bf44e2b240d1', '2020-11-22', 1556, 1244.8, 311.2, '7bbf0a7c-46a6-42a3-aaac-b4733f1b9c2f');
insert into schedule_payment (id, date_payment, amount_payment, body_repayment, interest_repayment, offer_id) values ('4760452a-9f91-45d4-8c9e-11a411583a40', '2020-11-29', 8708, 6966.4, 1741.6, 'e7936c09-eb4f-4c67-9789-ee7b8ceaf5b8');
insert into schedule_payment (id, date_payment, amount_payment, body_repayment, interest_repayment, offer_id) values ('d8b33983-9bfd-45bd-b626-f12a40a62e9f', '2021-08-25', 12627, 10101.6, 2525.4, 'f2fce4b4-368d-41aa-a970-ef3717c1173b');
insert into schedule_payment (id, date_payment, amount_payment, body_repayment, interest_repayment, offer_id) values ('31a68865-0bb6-40d6-b437-0c2955c92a0f', '2021-05-23', 7315, 5852, 1463, '2bfbe4ab-2d02-478e-8ff5-fd415552fa09');
insert into schedule_payment (id, date_payment, amount_payment, body_repayment, interest_repayment, offer_id) values ('acaa9e2e-ebf9-434b-bf51-59ca7c4cfd47', '2021-07-21', 12454, 9963.2, 2490.8, '4999e3cf-2d28-45ac-ada2-50ef0ba1e8fe');
insert into schedule_payment (id, date_payment, amount_payment, body_repayment, interest_repayment, offer_id) values ('d913514b-7464-46c8-b61a-01bdf8d7c544', '2021-09-15', 1459, 1167.2, 291.8, '078e590a-6099-4e75-843e-567bc083f9c6');
insert into schedule_payment (id, date_payment, amount_payment, body_repayment, interest_repayment, offer_id) values ('6fc95518-ce00-47a7-8563-dfde89ed5494', '2021-01-01', 6569, 5255.2, 1313.8, '5d7532f9-57a2-4c0e-8259-48eec51bafa8');
insert into schedule_payment (id, date_payment, amount_payment, body_repayment, interest_repayment, offer_id) values ('7ca3c8f2-c108-4ca9-8d07-23bd17111f8f', '2021-04-16', 4264, 3411.2, 852.8, 'c1927662-2efc-40a5-8ab3-c018e4f4724f');
insert into schedule_payment (id, date_payment, amount_payment, body_repayment, interest_repayment, offer_id) values ('8c06dc67-2271-4c3b-a457-bf3c17cd676e', '2021-09-20', 7419, 5935.2, 1483.8, 'c614b249-3741-46b8-8c0f-ad1c30c299ef');
insert into schedule_payment (id, date_payment, amount_payment, body_repayment, interest_repayment, offer_id) values ('467f266e-0a2a-4965-aed0-ff56bd53c7f8', '2021-07-12', 12912, 10329.6, 2582.4, '1ffd97c2-47b2-420c-9872-2250cce0dff5');
insert into schedule_payment (id, date_payment, amount_payment, body_repayment, interest_repayment, offer_id) values ('6acda09e-a651-442a-9072-b30331cb871d', '2021-03-24', 10327, 8261.6, 2065.4, 'a6b9606a-5623-4bc5-9c50-37f34f118e09');
insert into schedule_payment (id, date_payment, amount_payment, body_repayment, interest_repayment, offer_id) values ('003a9b60-0ce2-4374-9574-aac9f42c57c6', '2021-05-29', 7474, 5979.2, 1494.8, '6e79a033-2b37-49fb-a6a2-36c9d5d2fc4e');
insert into schedule_payment (id, date_payment, amount_payment, body_repayment, interest_repayment, offer_id) values ('798c0287-b6c8-4b1e-9e93-88e9961d6a69', '2021-05-01', 2275, 1820, 455, '85e27074-e6c1-4893-92c2-057816ea0b85');
insert into schedule_payment (id, date_payment, amount_payment, body_repayment, interest_repayment, offer_id) values ('3d723896-b93e-416f-a4e3-ab3f809fd3b7', '2021-08-12', 2244, 1795.2, 448.8, '2057a8a1-2225-404d-a94c-df98121d5388');
insert into schedule_payment (id, date_payment, amount_payment, body_repayment, interest_repayment, offer_id) values ('be06b17f-a987-4eaf-9e18-28aac22c694b', '2021-07-07', 7547, 6037.6, 1509.4, '9c5c0f08-6c4a-4578-8059-fbd9eb0a519a');
insert into schedule_payment (id, date_payment, amount_payment, body_repayment, interest_repayment, offer_id) values ('24bc0cc6-8096-4ddc-a917-8ed9dcc2f2df', '2021-08-16', 11517, 9213.6, 2303.4, 'e694b6b5-d683-461c-ab95-cc8d1ff37a49');
insert into schedule_payment (id, date_payment, amount_payment, body_repayment, interest_repayment, offer_id) values ('4eca75d3-c5d7-4ddc-a242-607a36b08b44', '2021-09-08', 5553, 4442.4, 1110.6, '5944d9dd-95ab-44f2-819a-98e12aef1885');
insert into schedule_payment (id, date_payment, amount_payment, body_repayment, interest_repayment, offer_id) values ('141498f4-7d34-424f-8a1c-6a0f246fa0fc', '2020-10-29', 6232, 4985.6, 1246.4, 'b1b84857-8bd2-4d31-b79a-372049e45a4b');
insert into schedule_payment (id, date_payment, amount_payment, body_repayment, interest_repayment, offer_id) values ('bda00359-f33d-48a5-bda3-8e4726da80cf', '2021-07-05', 14278, 11422.4, 2855.6, '7e3af022-4333-4cf3-bda9-144169f5798a');
insert into schedule_payment (id, date_payment, amount_payment, body_repayment, interest_repayment, offer_id) values ('78d30a3d-4582-4b77-82bc-b40a96ba6e32', '2020-12-16', 9654, 7723.2, 1930.8, '5e86b3dc-43b1-4843-98d3-bd31f3854eae');
insert into schedule_payment (id, date_payment, amount_payment, body_repayment, interest_repayment, offer_id) values ('f4e7ac6f-4f2b-489a-8580-dbde0cc5d53d', '2021-03-06', 4866, 3892.8, 973.2, '4523a068-7eae-44ac-ae62-5f8d479ad079');
insert into schedule_payment (id, date_payment, amount_payment, body_repayment, interest_repayment, offer_id) values ('f7042631-a2c1-4f20-a4bf-de2f1df5c090', '2021-01-04', 11958, 9566.4, 2391.6, '9fa1a9de-a99a-43ff-be5c-1ea5224dbd0d');
insert into schedule_payment (id, date_payment, amount_payment, body_repayment, interest_repayment, offer_id) values ('b2ed322b-5e18-47cf-80cc-e82649cbc979', '2021-01-18', 2620, 2096, 524, '362d5e6f-bc50-42b1-945d-b913ea8364db');
insert into schedule_payment (id, date_payment, amount_payment, body_repayment, interest_repayment, offer_id) values ('358c7e85-45a9-475a-963a-8bb045cd7d7b', '2020-12-11', 6533, 5226.4, 1306.6, '39c6da5b-8270-4384-a95b-f2263509b311');
insert into schedule_payment (id, date_payment, amount_payment, body_repayment, interest_repayment, offer_id) values ('df9d2ceb-a5bc-4eec-ac54-d674f8f1bb47', '2021-09-10', 8246, 6596.8, 1649.2, '0150f011-1641-485a-ba33-523b6f6468da');
insert into schedule_payment (id, date_payment, amount_payment, body_repayment, interest_repayment, offer_id) values ('9ea1a3fd-cc87-4ad5-af74-8edd9727b45f', '2021-08-07', 8090, 6472, 1618, 'b8e93c28-6069-4214-b7d0-595c6e5909a9');
insert into schedule_payment (id, date_payment, amount_payment, body_repayment, interest_repayment, offer_id) values ('edc2ba37-4ba3-4f4c-ac67-911b019fac2a', '2021-08-22', 14926, 11940.8, 2985.2, '0f7eb937-ec1c-4e45-a6c4-5d08c2f8ef0f');
insert into schedule_payment (id, date_payment, amount_payment, body_repayment, interest_repayment, offer_id) values ('33b4a48e-5be0-4a2d-b876-69cdbeab50fc', '2020-10-19', 3621, 2896.8, 724.2, '1ce9f264-6c19-4628-a4f2-e2c6c8d03db8');
insert into schedule_payment (id, date_payment, amount_payment, body_repayment, interest_repayment, offer_id) values ('c6fd5254-1139-4b51-85cf-f13a38dbcb2b', '2021-03-12', 14421, 11536.8, 2884.2, '0e1344ca-24cf-416d-ba3f-e92e443dbb2a');
insert into schedule_payment (id, date_payment, amount_payment, body_repayment, interest_repayment, offer_id) values ('c67d4eaf-72eb-411b-9962-c5a08a5fa9bf', '2021-05-27', 9352, 7481.6, 1870.4, '924ad5cd-4941-4e83-9dea-7faf3dbba05e');
insert into schedule_payment (id, date_payment, amount_payment, body_repayment, interest_repayment, offer_id) values ('1d326f2b-7258-4f0b-8cd5-dc59fa2d7cee', '2021-07-08', 6974, 5579.2, 1394.8, '221c8d8e-a079-427b-9325-76c0955d8d28');
insert into schedule_payment (id, date_payment, amount_payment, body_repayment, interest_repayment, offer_id) values ('65da76fa-7af6-493a-b11d-1468e1ce8e44', '2020-11-28', 3799, 3039.2, 759.8, '69708f5b-6adc-4b38-9f57-782aea4a802a');
insert into schedule_payment (id, date_payment, amount_payment, body_repayment, interest_repayment, offer_id) values ('4aa8c0e5-bb6d-48c3-a68e-0dda9906b0c1', '2021-03-02', 5378, 4302.4, 1075.6, '989214d4-f99a-4ad3-8bf9-06229332b37d');
insert into schedule_payment (id, date_payment, amount_payment, body_repayment, interest_repayment, offer_id) values ('0847152c-3a00-4812-97c8-4ca77dee03d5', '2021-02-08', 10667, 8533.6, 2133.4, '32bd32a2-6f4e-4e8f-8a12-24285354362a');
insert into schedule_payment (id, date_payment, amount_payment, body_repayment, interest_repayment, offer_id) values ('ca651969-1a34-4739-8064-ad5c49e12f51', '2021-08-17', 8391, 6712.8, 1678.2, '3199dff1-2f65-4b65-8678-0817cc334eb5');
insert into schedule_payment (id, date_payment, amount_payment, body_repayment, interest_repayment, offer_id) values ('b7a117a6-9026-4aa1-b1cd-75a5720cf978', '2021-05-10', 6374, 5099.2, 1274.8, '4d918185-e965-4f80-a26b-7793f2d8ced4');
insert into schedule_payment (id, date_payment, amount_payment, body_repayment, interest_repayment, offer_id) values ('e2dce83e-6a3f-4b0f-abf2-61f40230f9e3', '2021-02-23', 10715, 8572, 2143, '6cb75357-ad45-4dd3-b74b-30813bbfa2ef');
insert into schedule_payment (id, date_payment, amount_payment, body_repayment, interest_repayment, offer_id) values ('a7918093-28df-4f1c-b468-cc97e6b9e444', '2021-05-27', 12098, 9678.4, 2419.6, '9aa898a5-8dbb-410f-acc5-f627e0380547');
insert into schedule_payment (id, date_payment, amount_payment, body_repayment, interest_repayment, offer_id) values ('b3efc386-87c7-4e6b-9532-7865a0c2b915', '2021-04-26', 8355, 6684, 1671, '4d6db957-db57-40c1-aed1-26c666461277');
insert into schedule_payment (id, date_payment, amount_payment, body_repayment, interest_repayment, offer_id) values ('5ab3db16-5162-492c-8e87-47a20565f222', '2021-07-28', 14950, 11960, 2990, 'db181a09-dcac-44f1-85f6-33f4ece5f4cd');
insert into schedule_payment (id, date_payment, amount_payment, body_repayment, interest_repayment, offer_id) values ('0f746a2f-5cfa-46b3-b259-51a42865af26', '2021-03-14', 14752, 11801.6, 2950.4, '560d116a-439a-4741-a7e5-2ce158e79767');
insert into schedule_payment (id, date_payment, amount_payment, body_repayment, interest_repayment, offer_id) values ('24e51c02-62ee-4856-baf6-9af5be397ff0', '2021-02-19', 14178, 11342.4, 2835.6, '59c404c8-08e7-42e0-a26b-e7b90cfbd920');
insert into schedule_payment (id, date_payment, amount_payment, body_repayment, interest_repayment, offer_id) values ('16c32c64-cfb7-4af7-b7bb-6fb27c4c2a1b', '2021-08-10', 1150, 920, 230, 'fa7e480b-db24-4d61-9b8c-2cf2e57defb0');
insert into schedule_payment (id, date_payment, amount_payment, body_repayment, interest_repayment, offer_id) values ('8027b4aa-95bc-477d-ba09-838d6a50599a', '2020-10-30', 7567, 6053.6, 1513.4, 'cce77a54-24ea-43ef-993b-ab11cb654583');
insert into schedule_payment (id, date_payment, amount_payment, body_repayment, interest_repayment, offer_id) values ('ee23a3e1-cc48-49d5-8667-4bc910f1fab2', '2021-02-16', 3515, 2812, 703, 'fe3990f3-fdc9-4a68-af2c-c08c7c9e3a25');
insert into schedule_payment (id, date_payment, amount_payment, body_repayment, interest_repayment, offer_id) values ('11d490b8-8ea4-4815-a3ef-72b2c012f6dc', '2021-04-15', 7251, 5800.8, 1450.2, '9840728c-75d0-4f87-8031-42afda9dcff2');
insert into schedule_payment (id, date_payment, amount_payment, body_repayment, interest_repayment, offer_id) values ('f33a9513-4a6c-4472-a131-90e132f1421f', '2020-11-01', 4907, 3925.6, 981.4, '338c8b24-d2d1-44cf-90b4-d460e3c6ac84');
insert into schedule_payment (id, date_payment, amount_payment, body_repayment, interest_repayment, offer_id) values ('97335694-2172-4362-8296-0206e6ba261e', '2021-08-20', 14112, 11289.6, 2822.4, '4f8d670c-a5c2-423f-8121-a5fb8ebd3715');
insert into schedule_payment (id, date_payment, amount_payment, body_repayment, interest_repayment, offer_id) values ('bbead4db-f81e-4c30-92d6-178cbca71b4f', '2021-09-02', 10468, 8374.4, 2093.6, '7c5ac0ee-fc5d-4c87-bc6f-53fedd36328c');
insert into schedule_payment (id, date_payment, amount_payment, body_repayment, interest_repayment, offer_id) values ('73215be1-ad78-43f3-a906-327568d0428d', '2021-05-21', 1567, 1253.6, 313.4, '9b3422d1-c6f2-41b6-8a19-4e3b70699b0a');
insert into schedule_payment (id, date_payment, amount_payment, body_repayment, interest_repayment, offer_id) values ('a5e66193-8091-4f3f-8043-27152443e625', '2021-07-22', 10065, 8052, 2013, '6f7a9260-d1ac-4359-ba5c-9d36b5c60b43');
insert into schedule_payment (id, date_payment, amount_payment, body_repayment, interest_repayment, offer_id) values ('29c76c34-679e-498e-9a41-419a870fb59c', '2020-10-03', 1404, 1123.2, 280.8, '87a01b5c-a7ad-4647-868c-df46125781a3');
insert into schedule_payment (id, date_payment, amount_payment, body_repayment, interest_repayment, offer_id) values ('336d054e-b76c-4198-91a2-ccd9d23cffda', '2020-11-23', 10365, 8292, 2073, '11d8de38-9f4e-4726-a5f7-f7c5fc235d30');
insert into schedule_payment (id, date_payment, amount_payment, body_repayment, interest_repayment, offer_id) values ('a79148f0-9f99-4935-a536-7430d4b90fe4', '2021-03-12', 5408, 4326.4, 1081.6, '0e7ddef3-e8aa-4460-927e-25c831d4e0cb');
insert into schedule_payment (id, date_payment, amount_payment, body_repayment, interest_repayment, offer_id) values ('47e60cbd-71de-4b2b-bbc1-9289b8fde90d', '2020-12-04', 14347, 11477.6, 2869.4, '39791b05-f4af-4619-a789-c895355a0aae');
insert into schedule_payment (id, date_payment, amount_payment, body_repayment, interest_repayment, offer_id) values ('09e5833a-3d85-4134-976b-c508ab1aed62', '2020-11-24', 12476, 9980.8, 2495.2, '8e79e0d2-0cb5-49be-b668-f908143f7237');
insert into schedule_payment (id, date_payment, amount_payment, body_repayment, interest_repayment, offer_id) values ('6611161d-2941-4fdd-8c6d-74986713e8c2', '2021-05-02', 2415, 1932, 483, '6abe63fc-bbd4-4fd3-9cec-d726ec234d13');
insert into schedule_payment (id, date_payment, amount_payment, body_repayment, interest_repayment, offer_id) values ('c9a97845-a9a1-4fcc-87ec-d1d319e0cc12', '2021-03-16', 14255, 11404, 2851, '5cce4df9-fe3b-47bd-a3e5-dddffcc3cb14');
insert into schedule_payment (id, date_payment, amount_payment, body_repayment, interest_repayment, offer_id) values ('1b3e6215-cbec-436b-89f9-8298b04b4433', '2021-07-24', 12623, 10098.4, 2524.6, '18f496a3-f443-4da7-9444-5738dcf09683');
insert into schedule_payment (id, date_payment, amount_payment, body_repayment, interest_repayment, offer_id) values ('89e27c53-fff1-4399-a45b-68940c323fa5', '2021-06-02', 10695, 8556, 2139, 'b8aa6cdf-b491-4a41-bbbb-5e43c5b34dd1');
insert into schedule_payment (id, date_payment, amount_payment, body_repayment, interest_repayment, offer_id) values ('f5b58946-8177-4dde-9dcb-73e357fe7a74', '2021-09-01', 12761, 10208.8, 2552.2, '2c8393ab-bf1d-4cdd-b402-6d06a116534b');
insert into schedule_payment (id, date_payment, amount_payment, body_repayment, interest_repayment, offer_id) values ('e1c2c657-2eef-401f-b6bd-942d7f569de2', '2021-06-09', 3489, 2791.2, 697.8, '8c999782-2eb6-4f1a-9d84-d556d0c5eb2a');
insert into schedule_payment (id, date_payment, amount_payment, body_repayment, interest_repayment, offer_id) values ('f3f5782b-60af-47fa-8fb2-10ea75c722ed', '2021-04-12', 9641, 7712.8, 1928.2, 'd566edf3-17ac-4bdf-8d95-830a2fb15d89');
insert into schedule_payment (id, date_payment, amount_payment, body_repayment, interest_repayment, offer_id) values ('79b0f0ec-19cb-4480-83d7-df64bf9e55b0', '2021-08-22', 9749, 7799.2, 1949.8, '5d4cb77a-3dac-480b-b618-d2a60bd22e4a');
insert into schedule_payment (id, date_payment, amount_payment, body_repayment, interest_repayment, offer_id) values ('d06077f9-1597-46d5-8c37-04a72db004be', '2021-06-16', 14080, 11264, 2816, 'e22e36c7-8a57-4f2b-b4f1-c92760ccfbca');
insert into schedule_payment (id, date_payment, amount_payment, body_repayment, interest_repayment, offer_id) values ('47b57af5-229c-4231-b246-630e706e27b2', '2021-04-27', 14488, 11590.4, 2897.6, '5485025a-6299-4b12-ba25-4f067b58c7c2');
insert into schedule_payment (id, date_payment, amount_payment, body_repayment, interest_repayment, offer_id) values ('2d2d0946-780b-4bb9-a09a-ec7682507ef0', '2021-07-03', 14535, 11628, 2907, 'aa8d40fe-f614-43f8-897c-a338d6203147');
insert into schedule_payment (id, date_payment, amount_payment, body_repayment, interest_repayment, offer_id) values ('3eee6c96-e92c-4eac-aea4-1c105ac465c4', '2020-10-06', 7733, 6186.4, 1546.6, '9111db81-325b-4784-a9a5-1a65df1b435e');
insert into schedule_payment (id, date_payment, amount_payment, body_repayment, interest_repayment, offer_id) values ('70c45c12-0e1c-4114-90fa-c3ec291002e2', '2021-03-21', 13170, 10536, 2634, 'adfd4601-acef-4cc3-97ef-6a08cdaa98ef');
insert into schedule_payment (id, date_payment, amount_payment, body_repayment, interest_repayment, offer_id) values ('0a950cdd-daad-4ffc-badf-cb69098cb156', '2020-12-11', 8140, 6512, 1628, 'd4b4827f-d98f-4023-a787-8f74b60bdd45');
insert into schedule_payment (id, date_payment, amount_payment, body_repayment, interest_repayment, offer_id) values ('502f7eb3-a9d1-42ec-9f73-6abbf734c8a3', '2020-12-10', 9188, 7350.4, 1837.6, 'fa72f5c5-aa8f-40cf-92c7-546f0996c844');
insert into schedule_payment (id, date_payment, amount_payment, body_repayment, interest_repayment, offer_id) values ('4c180174-f96a-442a-8911-520608e64c4a', '2021-08-16', 4386, 3508.8, 877.2, '151513fe-6b52-44d6-8a62-c09e31926f4d');
insert into schedule_payment (id, date_payment, amount_payment, body_repayment, interest_repayment, offer_id) values ('0f9fbfde-dfc7-4a1e-844b-315a16e21630', '2021-03-26', 9175, 7340, 1835, '9f9d48f8-109d-43c9-bfce-5430aeedbb3f');
insert into schedule_payment (id, date_payment, amount_payment, body_repayment, interest_repayment, offer_id) values ('534caab4-0a12-452b-8a02-0759fd81159a', '2020-12-31', 6031, 4824.8, 1206.2, 'b31c9021-722b-461d-8934-3fc3afb9518f');
insert into schedule_payment (id, date_payment, amount_payment, body_repayment, interest_repayment, offer_id) values ('a09a7977-5944-47e4-baf5-e8370f08ebaf', '2021-03-06', 1734, 1387.2, 346.8, 'c3982c39-0eb1-4363-a0bd-0c1756b2dbd3');
insert into schedule_payment (id, date_payment, amount_payment, body_repayment, interest_repayment, offer_id) values ('e1325b4e-2c7b-4fed-9b35-f1b3b8acd93c', '2020-11-26', 10305, 8244, 2061, '7073a24a-a172-4a1f-9410-a690f43511b2');
insert into schedule_payment (id, date_payment, amount_payment, body_repayment, interest_repayment, offer_id) values ('449ca571-4a45-4559-95b2-4488b0ab6ad1', '2021-04-22', 2198, 1758.4, 439.6, 'ed0e2847-960a-4101-aa71-994814959244');
insert into schedule_payment (id, date_payment, amount_payment, body_repayment, interest_repayment, offer_id) values ('9938a8fa-e7a7-46ba-bd2b-0e9e0b5d9f4b', '2021-04-23', 2955, 2364, 591, '6116e37c-4a28-42f1-862f-a7ed96f65ecb');
insert into schedule_payment (id, date_payment, amount_payment, body_repayment, interest_repayment, offer_id) values ('711996c1-77e6-4f5a-8b32-28aa12836e30', '2021-02-03', 2766, 2212.8, 553.2, 'e93f8f93-a8b3-4fbe-87f6-f3976d49d17c');
insert into schedule_payment (id, date_payment, amount_payment, body_repayment, interest_repayment, offer_id) values ('889d8de5-2adf-480a-8869-b93e34df1a36', '2020-12-04', 2379, 1903.2, 475.8, '510b8acb-863f-4ac3-9c1c-7573c8983fca');
insert into schedule_payment (id, date_payment, amount_payment, body_repayment, interest_repayment, offer_id) values ('8c889937-ffd5-4578-ae36-ac9fbc5806bf', '2021-08-09', 6118, 4894.4, 1223.6, '6653e6a6-6b7a-4249-9aa1-40afd1b9ee77');
insert into schedule_payment (id, date_payment, amount_payment, body_repayment, interest_repayment, offer_id) values ('7d06d9a8-5127-4b01-b842-4b8fe54d0db5', '2021-07-27', 2600, 2080, 520, '531ba920-e7c7-446a-9ad5-34d5ebabfa2e');
insert into schedule_payment (id, date_payment, amount_payment, body_repayment, interest_repayment, offer_id) values ('fba40fbc-0a6e-4b87-b41d-299e4f35f64e', '2020-12-08', 7690, 6152, 1538, '3dcf708c-3400-4b47-b52a-cafe790997cd');
insert into schedule_payment (id, date_payment, amount_payment, body_repayment, interest_repayment, offer_id) values ('f355dce9-2ac8-4655-b446-5a6bfed0e3e9', '2021-02-26', 5861, 4688.8, 1172.2, '8a1e6156-6697-4927-9ff2-f5977a20781a');
insert into schedule_payment (id, date_payment, amount_payment, body_repayment, interest_repayment, offer_id) values ('46de98d1-3c9b-44ab-bacf-b1c46afb9803', '2021-02-27', 9374, 7499.2, 1874.8, '4ef89fb3-283e-46c8-be43-a5a1c8cb3848');
insert into schedule_payment (id, date_payment, amount_payment, body_repayment, interest_repayment, offer_id) values ('bd8e06bd-2718-44ef-9584-ea8cdb4ed354', '2021-08-21', 5590, 4472, 1118, '9dfca2b0-3f64-4091-9d50-eb5d987eb1da');
insert into schedule_payment (id, date_payment, amount_payment, body_repayment, interest_repayment, offer_id) values ('22e2dc98-3eca-4704-a5a5-9ad4b838cee8', '2020-11-03', 1297, 1037.6, 259.4, '1849bab0-4b95-4eb8-b2a2-4d51eed88c53');
insert into schedule_payment (id, date_payment, amount_payment, body_repayment, interest_repayment, offer_id) values ('2085047a-d4ad-4fa3-a59e-0d2803996b48', '2021-07-05', 12002, 9601.6, 2400.4, '10312530-4dd1-4c5f-bd36-cd7cd15b32a8');
insert into schedule_payment (id, date_payment, amount_payment, body_repayment, interest_repayment, offer_id) values ('d9a3dd4d-7d5e-48fe-a73c-1834e1f48b88', '2021-03-20', 10827, 8661.6, 2165.4, 'c7d0f815-2067-4f73-ae26-130853f5e278');
insert into schedule_payment (id, date_payment, amount_payment, body_repayment, interest_repayment, offer_id) values ('08379beb-8382-40db-9507-db79c45bc4b1', '2020-11-07', 8545, 6836, 1709, 'ec3d66c8-de99-4d16-88ec-93343b39b8e2');
insert into schedule_payment (id, date_payment, amount_payment, body_repayment, interest_repayment, offer_id) values ('ae67e033-cb3b-41c6-8bca-4ad4c2e095d0', '2021-08-13', 11838, 9470.4, 2367.6, '7ee1a0fa-b2c3-4878-94aa-8202108de3f0');
insert into schedule_payment (id, date_payment, amount_payment, body_repayment, interest_repayment, offer_id) values ('a82a5fef-ce56-49a1-bfb0-03fc6d126612', '2021-05-07', 8719, 6975.2, 1743.8, 'ad201abd-f299-4a0b-af58-86ea06ee1f68');
insert into schedule_payment (id, date_payment, amount_payment, body_repayment, interest_repayment, offer_id) values ('b545d165-90c9-4a7d-ad8a-862c78e5b8b5', '2020-10-20', 12312, 9849.6, 2462.4, 'af51fbd3-4e2e-490c-867d-7cc4ee0b99ff');
insert into schedule_payment (id, date_payment, amount_payment, body_repayment, interest_repayment, offer_id) values ('19c71f51-e080-48b5-a367-319ab6ff25bd', '2021-07-23', 4048, 3238.4, 809.6, 'ecc71c9c-d611-4140-ab9b-c3d8ac579bf3');
insert into schedule_payment (id, date_payment, amount_payment, body_repayment, interest_repayment, offer_id) values ('6bd05534-a650-42c6-b262-24d78e9c5547', '2020-11-09', 2548, 2038.4, 509.6, 'e023c29f-6e8d-4cca-acb8-e5a787af691e');
insert into schedule_payment (id, date_payment, amount_payment, body_repayment, interest_repayment, offer_id) values ('c3429277-d11d-4147-a3da-245a270e0dbc', '2021-03-16', 1197, 957.6, 239.4, 'cf975447-5f7f-409a-b686-ca41fa11e63b');
insert into schedule_payment (id, date_payment, amount_payment, body_repayment, interest_repayment, offer_id) values ('2ac0252a-f727-4f0d-8678-db3a019aae73', '2020-12-10', 6609, 5287.2, 1321.8, '4a4fcc89-f641-4ec8-8947-bdca0edd6f19');
insert into schedule_payment (id, date_payment, amount_payment, body_repayment, interest_repayment, offer_id) values ('b6fdc1cc-f2a1-4cc5-b6d8-de4e1553e546', '2021-06-28', 12209, 9767.2, 2441.8, '47ac794b-d861-4900-bf8c-8e5c317d683e');
insert into schedule_payment (id, date_payment, amount_payment, body_repayment, interest_repayment, offer_id) values ('7a1d694a-e2bb-426f-9945-477b34b29ce4', '2020-11-03', 14166, 11332.8, 2833.2, 'f0939c23-c377-4d50-a0df-412655cdd46d');
insert into schedule_payment (id, date_payment, amount_payment, body_repayment, interest_repayment, offer_id) values ('ba9dc228-e2c8-4764-9ba7-a6149b6f8376', '2021-04-07', 14665, 11732, 2933, '4e3d0164-9a9f-47c3-ac05-9ca6b8c2a967');
insert into schedule_payment (id, date_payment, amount_payment, body_repayment, interest_repayment, offer_id) values ('5f6b6a98-13c1-4bbe-8458-3d88f07fbc77', '2021-01-07', 5684, 4547.2, 1136.8, '7bbf0a7c-46a6-42a3-aaac-b4733f1b9c2f');
insert into schedule_payment (id, date_payment, amount_payment, body_repayment, interest_repayment, offer_id) values ('8f8eadf7-ad46-492c-abbf-78896ddd5c25', '2020-11-01', 12191, 9752.8, 2438.2, 'e7936c09-eb4f-4c67-9789-ee7b8ceaf5b8');
insert into schedule_payment (id, date_payment, amount_payment, body_repayment, interest_repayment, offer_id) values ('5dcf87e1-1ac3-4ff4-8f9f-10229b115644', '2021-04-05', 1274, 1019.2, 254.8, 'f2fce4b4-368d-41aa-a970-ef3717c1173b');
insert into schedule_payment (id, date_payment, amount_payment, body_repayment, interest_repayment, offer_id) values ('e68f90a8-2e94-4c05-890c-1b0b7e33a919', '2021-08-10', 4517, 3613.6, 903.4, '2bfbe4ab-2d02-478e-8ff5-fd415552fa09');
insert into schedule_payment (id, date_payment, amount_payment, body_repayment, interest_repayment, offer_id) values ('37facd39-1ebc-4eb2-b366-bf04981129ff', '2021-07-20', 13163, 10530.4, 2632.6, '4999e3cf-2d28-45ac-ada2-50ef0ba1e8fe');
insert into schedule_payment (id, date_payment, amount_payment, body_repayment, interest_repayment, offer_id) values ('b75d8f8c-b7f8-400b-9ec3-97c8621f34b2', '2021-06-16', 7573, 6058.4, 1514.6, '078e590a-6099-4e75-843e-567bc083f9c6');
insert into schedule_payment (id, date_payment, amount_payment, body_repayment, interest_repayment, offer_id) values ('c0ecbcf4-31c8-4d01-b44c-0fc5f254e15c', '2021-06-19', 7727, 6181.6, 1545.4, '5d7532f9-57a2-4c0e-8259-48eec51bafa8');
insert into schedule_payment (id, date_payment, amount_payment, body_repayment, interest_repayment, offer_id) values ('fd8e2d9d-853a-4dad-955b-7c0ffc458988', '2020-12-31', 12840, 10272, 2568, 'c1927662-2efc-40a5-8ab3-c018e4f4724f');
insert into schedule_payment (id, date_payment, amount_payment, body_repayment, interest_repayment, offer_id) values ('ae921703-1cd1-4601-94b3-be9d2a4af995', '2020-10-29', 3334, 2667.2, 666.8, 'c614b249-3741-46b8-8c0f-ad1c30c299ef');
insert into schedule_payment (id, date_payment, amount_payment, body_repayment, interest_repayment, offer_id) values ('56613bf4-f563-4f5f-b009-0287bdcd8a93', '2020-11-05', 7806, 6244.8, 1561.2, '1ffd97c2-47b2-420c-9872-2250cce0dff5');
insert into schedule_payment (id, date_payment, amount_payment, body_repayment, interest_repayment, offer_id) values ('802917bf-974d-4854-acdc-1900f89ca652', '2021-06-30', 6114, 4891.2, 1222.8, 'a6b9606a-5623-4bc5-9c50-37f34f118e09');
insert into schedule_payment (id, date_payment, amount_payment, body_repayment, interest_repayment, offer_id) values ('14872599-5489-403b-988f-10a25a2b4805', '2020-11-21', 3505, 2804, 701, '6e79a033-2b37-49fb-a6a2-36c9d5d2fc4e');
insert into schedule_payment (id, date_payment, amount_payment, body_repayment, interest_repayment, offer_id) values ('8a47ada1-dabb-4bd5-9aef-6715ab6c7f79', '2020-12-25', 5847, 4677.6, 1169.4, '85e27074-e6c1-4893-92c2-057816ea0b85');
insert into schedule_payment (id, date_payment, amount_payment, body_repayment, interest_repayment, offer_id) values ('d9ab0f9f-65ba-4a5a-b2ed-95f1695931cf', '2021-05-10', 4373, 3498.4, 874.6, '2057a8a1-2225-404d-a94c-df98121d5388');
insert into schedule_payment (id, date_payment, amount_payment, body_repayment, interest_repayment, offer_id) values ('df9ea04c-605f-4e1e-a445-e55295cb5f72', '2021-02-07', 14227, 11381.6, 2845.4, '9c5c0f08-6c4a-4578-8059-fbd9eb0a519a');
insert into schedule_payment (id, date_payment, amount_payment, body_repayment, interest_repayment, offer_id) values ('cf52e9db-5f81-47ae-9027-b57bb37b6111', '2021-07-14', 9133, 7306.4, 1826.6, 'e694b6b5-d683-461c-ab95-cc8d1ff37a49');
insert into schedule_payment (id, date_payment, amount_payment, body_repayment, interest_repayment, offer_id) values ('8a1b8773-8d8b-4b46-9e5e-95b17b7978a8', '2021-01-06', 4695, 3756, 939, '5944d9dd-95ab-44f2-819a-98e12aef1885');
insert into schedule_payment (id, date_payment, amount_payment, body_repayment, interest_repayment, offer_id) values ('0cb3907f-894d-4947-86e3-20c556f9c044', '2021-08-14', 13184, 10547.2, 2636.8, 'b1b84857-8bd2-4d31-b79a-372049e45a4b');
insert into schedule_payment (id, date_payment, amount_payment, body_repayment, interest_repayment, offer_id) values ('213aad74-ddcf-44eb-9844-4ca9c3cc958e', '2021-06-03', 7636, 6108.8, 1527.2, '7e3af022-4333-4cf3-bda9-144169f5798a');
insert into schedule_payment (id, date_payment, amount_payment, body_repayment, interest_repayment, offer_id) values ('b3e11d87-ff88-452c-8606-90d7a5156c1e', '2021-09-10', 11603, 9282.4, 2320.6, '5e86b3dc-43b1-4843-98d3-bd31f3854eae');
insert into schedule_payment (id, date_payment, amount_payment, body_repayment, interest_repayment, offer_id) values ('d6e6f8df-92d3-4319-93ae-a4ade2cb6f44', '2021-06-11', 9438, 7550.4, 1887.6, '4523a068-7eae-44ac-ae62-5f8d479ad079');
insert into schedule_payment (id, date_payment, amount_payment, body_repayment, interest_repayment, offer_id) values ('471a702e-0015-4259-bca9-5f9313ec7689', '2021-05-25', 14360, 11488, 2872, '9fa1a9de-a99a-43ff-be5c-1ea5224dbd0d');
insert into schedule_payment (id, date_payment, amount_payment, body_repayment, interest_repayment, offer_id) values ('7c04aa17-5146-4130-af6d-52c7cebf89af', '2021-07-22', 13147, 10517.6, 2629.4, '362d5e6f-bc50-42b1-945d-b913ea8364db');
insert into schedule_payment (id, date_payment, amount_payment, body_repayment, interest_repayment, offer_id) values ('d217665b-1692-4790-89ef-edce0c4a0e5f', '2020-11-26', 14227, 11381.6, 2845.4, '39c6da5b-8270-4384-a95b-f2263509b311');
insert into schedule_payment (id, date_payment, amount_payment, body_repayment, interest_repayment, offer_id) values ('f55ad6b5-9a17-4557-9fae-64452afda5b9', '2021-04-27', 5639, 4511.2, 1127.8, '0150f011-1641-485a-ba33-523b6f6468da');
insert into schedule_payment (id, date_payment, amount_payment, body_repayment, interest_repayment, offer_id) values ('a024c067-ba9c-4a3d-a782-81f66fbc40dd', '2021-02-12', 8206, 6564.8, 1641.2, 'b8e93c28-6069-4214-b7d0-595c6e5909a9');
insert into schedule_payment (id, date_payment, amount_payment, body_repayment, interest_repayment, offer_id) values ('b59a696d-63ae-4604-8052-fcf1d857ecb7', '2020-12-07', 8462, 6769.6, 1692.4, '0f7eb937-ec1c-4e45-a6c4-5d08c2f8ef0f');
insert into schedule_payment (id, date_payment, amount_payment, body_repayment, interest_repayment, offer_id) values ('380edfd4-1a5c-4a9a-b697-5002402be6bb', '2020-12-11', 1557, 1245.6, 311.4, '1ce9f264-6c19-4628-a4f2-e2c6c8d03db8');
insert into schedule_payment (id, date_payment, amount_payment, body_repayment, interest_repayment, offer_id) values ('61f98bdf-0d24-468f-b6dd-b55d990ad09f', '2021-04-05', 7095, 5676, 1419, '0e1344ca-24cf-416d-ba3f-e92e443dbb2a');
insert into schedule_payment (id, date_payment, amount_payment, body_repayment, interest_repayment, offer_id) values ('18974274-4a8d-469a-b52f-5cf199a81928', '2020-10-19', 9735, 7788, 1947, '924ad5cd-4941-4e83-9dea-7faf3dbba05e');
insert into schedule_payment (id, date_payment, amount_payment, body_repayment, interest_repayment, offer_id) values ('327e5f84-fe5f-40c7-b91e-f23dce829d9e', '2021-08-08', 5010, 4008, 1002, '221c8d8e-a079-427b-9325-76c0955d8d28');
insert into schedule_payment (id, date_payment, amount_payment, body_repayment, interest_repayment, offer_id) values ('78a3a220-6455-4c0e-8371-61910b8d2fc0', '2021-02-11', 12489, 9991.2, 2497.8, '69708f5b-6adc-4b38-9f57-782aea4a802a');
insert into schedule_payment (id, date_payment, amount_payment, body_repayment, interest_repayment, offer_id) values ('db975fff-6177-4d94-ba7a-b382d3f34398', '2021-03-20', 1126, 900.8, 225.2, '989214d4-f99a-4ad3-8bf9-06229332b37d');
insert into schedule_payment (id, date_payment, amount_payment, body_repayment, interest_repayment, offer_id) values ('b747fa0f-e738-4a69-a369-ac39900ba4a6', '2021-04-20', 12824, 10259.2, 2564.8, '32bd32a2-6f4e-4e8f-8a12-24285354362a');
insert into schedule_payment (id, date_payment, amount_payment, body_repayment, interest_repayment, offer_id) values ('61076af4-3092-4d18-b57e-2d3ef5587d05', '2021-09-11', 4179, 3343.2, 835.8, '3199dff1-2f65-4b65-8678-0817cc334eb5');
insert into schedule_payment (id, date_payment, amount_payment, body_repayment, interest_repayment, offer_id) values ('3ce8a475-1db3-4528-abf3-01aeb884122e', '2020-12-28', 6178, 4942.4, 1235.6, '4d918185-e965-4f80-a26b-7793f2d8ced4');
insert into schedule_payment (id, date_payment, amount_payment, body_repayment, interest_repayment, offer_id) values ('d87f87cc-4bba-4562-bf4a-ee96f294eac5', '2020-12-28', 9306, 7444.8, 1861.2, '6cb75357-ad45-4dd3-b74b-30813bbfa2ef');
insert into schedule_payment (id, date_payment, amount_payment, body_repayment, interest_repayment, offer_id) values ('d3e3368c-c86b-44af-8525-abace5d8f7b3', '2021-07-16', 11906, 9524.8, 2381.2, '9aa898a5-8dbb-410f-acc5-f627e0380547');
insert into schedule_payment (id, date_payment, amount_payment, body_repayment, interest_repayment, offer_id) values ('52350166-53a5-4377-99bc-44020da1245a', '2021-04-14', 5186, 4148.8, 1037.2, '4d6db957-db57-40c1-aed1-26c666461277');
insert into schedule_payment (id, date_payment, amount_payment, body_repayment, interest_repayment, offer_id) values ('344a6fbb-0e61-45fb-b45e-ef98431ac061', '2021-03-04', 13783, 11026.4, 2756.6, 'db181a09-dcac-44f1-85f6-33f4ece5f4cd');
insert into schedule_payment (id, date_payment, amount_payment, body_repayment, interest_repayment, offer_id) values ('786e5229-029c-475e-82e7-fbb7e3b64b0c', '2021-03-03', 12237, 9789.6, 2447.4, '560d116a-439a-4741-a7e5-2ce158e79767');
insert into schedule_payment (id, date_payment, amount_payment, body_repayment, interest_repayment, offer_id) values ('81823f19-1a8f-4d5d-8338-b17cc0b8072c', '2021-08-23', 3767, 3013.6, 753.4, '59c404c8-08e7-42e0-a26b-e7b90cfbd920');
insert into schedule_payment (id, date_payment, amount_payment, body_repayment, interest_repayment, offer_id) values ('a66189f5-be47-48ad-9907-67dcdba1b7e8', '2021-02-27', 4294, 3435.2, 858.8, 'fa7e480b-db24-4d61-9b8c-2cf2e57defb0');
insert into schedule_payment (id, date_payment, amount_payment, body_repayment, interest_repayment, offer_id) values ('1cae3d29-f4e1-43d2-9fcb-b72afd73f69f', '2021-08-17', 1755, 1404, 351, 'cce77a54-24ea-43ef-993b-ab11cb654583');
insert into schedule_payment (id, date_payment, amount_payment, body_repayment, interest_repayment, offer_id) values ('a9cf0ef4-e1ba-477a-8ce3-ee60a88fa6b6', '2021-07-01', 3085, 2468, 617, 'fe3990f3-fdc9-4a68-af2c-c08c7c9e3a25');
insert into schedule_payment (id, date_payment, amount_payment, body_repayment, interest_repayment, offer_id) values ('8f4012ac-77c7-4680-96f9-73c3cbbb4cbe', '2021-04-10', 5878, 4702.4, 1175.6, '9840728c-75d0-4f87-8031-42afda9dcff2');
insert into schedule_payment (id, date_payment, amount_payment, body_repayment, interest_repayment, offer_id) values ('0674f1bf-0749-4bc6-802e-349735876b0a', '2020-11-20', 8816, 7052.8, 1763.2, '338c8b24-d2d1-44cf-90b4-d460e3c6ac84');
insert into schedule_payment (id, date_payment, amount_payment, body_repayment, interest_repayment, offer_id) values ('cee9e4e9-f28c-4331-86c5-3600f900a7f3', '2021-04-24', 2704, 2163.2, 540.8, '4f8d670c-a5c2-423f-8121-a5fb8ebd3715');
insert into schedule_payment (id, date_payment, amount_payment, body_repayment, interest_repayment, offer_id) values ('1af11a46-7d80-4060-91ba-323d5bae84f1', '2021-03-26', 4348, 3478.4, 869.6, '7c5ac0ee-fc5d-4c87-bc6f-53fedd36328c');
insert into schedule_payment (id, date_payment, amount_payment, body_repayment, interest_repayment, offer_id) values ('86b8ea8c-d6bc-439a-8f81-1e6c7bff735e', '2021-01-18', 6055, 4844, 1211, '9b3422d1-c6f2-41b6-8a19-4e3b70699b0a');
insert into schedule_payment (id, date_payment, amount_payment, body_repayment, interest_repayment, offer_id) values ('a096e2bf-36e4-4bfe-ab62-6600ccd18085', '2021-05-16', 13111, 10488.8, 2622.2, '6f7a9260-d1ac-4359-ba5c-9d36b5c60b43');
insert into schedule_payment (id, date_payment, amount_payment, body_repayment, interest_repayment, offer_id) values ('c9a7a126-aa41-4cbd-a15f-287256cd1ff7', '2020-11-25', 5910, 4728, 1182, '87a01b5c-a7ad-4647-868c-df46125781a3');
insert into schedule_payment (id, date_payment, amount_payment, body_repayment, interest_repayment, offer_id) values ('be6bd6b1-b60d-4c94-b7e1-50beaaa53ee1', '2020-11-17', 11715, 9372, 2343, '11d8de38-9f4e-4726-a5f7-f7c5fc235d30');
insert into schedule_payment (id, date_payment, amount_payment, body_repayment, interest_repayment, offer_id) values ('0f17d493-caf6-44d2-9dac-d4e1e0ac1a04', '2020-12-12', 10087, 8069.6, 2017.4, '0e7ddef3-e8aa-4460-927e-25c831d4e0cb');
insert into schedule_payment (id, date_payment, amount_payment, body_repayment, interest_repayment, offer_id) values ('0038d57e-e9a5-4709-ab69-d56309717de7', '2021-02-24', 13387, 10709.6, 2677.4, '39791b05-f4af-4619-a789-c895355a0aae');
insert into schedule_payment (id, date_payment, amount_payment, body_repayment, interest_repayment, offer_id) values ('f95182b4-5649-48c7-a74a-0798e0eb9e6a', '2020-10-03', 5360, 4288, 1072, '8e79e0d2-0cb5-49be-b668-f908143f7237');
insert into schedule_payment (id, date_payment, amount_payment, body_repayment, interest_repayment, offer_id) values ('13a11dd1-130f-4445-98d4-59c014b30578', '2020-10-27', 6560, 5248, 1312, '6abe63fc-bbd4-4fd3-9cec-d726ec234d13');
insert into schedule_payment (id, date_payment, amount_payment, body_repayment, interest_repayment, offer_id) values ('de3e7d7b-7d60-4d4a-a6f3-745cf4ab3910', '2020-11-09', 13428, 10742.4, 2685.6, '5cce4df9-fe3b-47bd-a3e5-dddffcc3cb14');
insert into schedule_payment (id, date_payment, amount_payment, body_repayment, interest_repayment, offer_id) values ('c2fd98ed-b757-44ae-bfc8-b0ffd6cb6106', '2020-11-13', 5883, 4706.4, 1176.6, '18f496a3-f443-4da7-9444-5738dcf09683');
insert into schedule_payment (id, date_payment, amount_payment, body_repayment, interest_repayment, offer_id) values ('59eb2711-8a57-40e1-b121-f7b49026dd8a', '2021-06-11', 10280, 8224, 2056, 'b8aa6cdf-b491-4a41-bbbb-5e43c5b34dd1');
insert into schedule_payment (id, date_payment, amount_payment, body_repayment, interest_repayment, offer_id) values ('6b073653-00b0-4939-8937-e9765ed53854', '2021-05-10', 6492, 5193.6, 1298.4, '2c8393ab-bf1d-4cdd-b402-6d06a116534b');
insert into schedule_payment (id, date_payment, amount_payment, body_repayment, interest_repayment, offer_id) values ('2aab9b8a-d7f9-4c38-94a1-50da5c34f598', '2021-02-03', 7054, 5643.2, 1410.8, '8c999782-2eb6-4f1a-9d84-d556d0c5eb2a');
insert into schedule_payment (id, date_payment, amount_payment, body_repayment, interest_repayment, offer_id) values ('83c02a49-aa84-4538-9cea-053e40f3db28', '2021-01-13', 11055, 8844, 2211, 'd566edf3-17ac-4bdf-8d95-830a2fb15d89');
insert into schedule_payment (id, date_payment, amount_payment, body_repayment, interest_repayment, offer_id) values ('881ab0e0-9118-4466-8dd4-4f04aacf43dc', '2021-02-28', 7259, 5807.2, 1451.8, '5d4cb77a-3dac-480b-b618-d2a60bd22e4a');
insert into schedule_payment (id, date_payment, amount_payment, body_repayment, interest_repayment, offer_id) values ('7f3ca9fd-69be-43b4-9ede-7fd3f31ac1c3', '2021-06-09', 10724, 8579.2, 2144.8, 'e22e36c7-8a57-4f2b-b4f1-c92760ccfbca');
insert into schedule_payment (id, date_payment, amount_payment, body_repayment, interest_repayment, offer_id) values ('41d929d1-d604-4c00-8856-6fd3fd7192f8', '2021-07-20', 13650, 10920, 2730, '5485025a-6299-4b12-ba25-4f067b58c7c2');
insert into schedule_payment (id, date_payment, amount_payment, body_repayment, interest_repayment, offer_id) values ('897c724a-dbaa-4023-97ba-3c23a9bd79a7', '2021-05-10', 14107, 11285.6, 2821.4, 'aa8d40fe-f614-43f8-897c-a338d6203147');
insert into schedule_payment (id, date_payment, amount_payment, body_repayment, interest_repayment, offer_id) values ('6322cb95-f764-49e5-8161-d1994e74f4ea', '2021-05-11', 5220, 4176, 1044, '9111db81-325b-4784-a9a5-1a65df1b435e');
insert into schedule_payment (id, date_payment, amount_payment, body_repayment, interest_repayment, offer_id) values ('3ce7c173-bb31-4578-b9b2-9b2fc09f0f02', '2020-10-20', 10318, 8254.4, 2063.6, 'adfd4601-acef-4cc3-97ef-6a08cdaa98ef');
insert into schedule_payment (id, date_payment, amount_payment, body_repayment, interest_repayment, offer_id) values ('08f66a2a-a5e4-454a-a8a6-3665bb704903', '2020-10-17', 4292, 3433.6, 858.4, 'd4b4827f-d98f-4023-a787-8f74b60bdd45');
insert into schedule_payment (id, date_payment, amount_payment, body_repayment, interest_repayment, offer_id) values ('dde9a8c2-b37a-4197-932a-7d7586d1be67', '2021-01-18', 1844, 1475.2, 368.8, 'fa72f5c5-aa8f-40cf-92c7-546f0996c844');
insert into schedule_payment (id, date_payment, amount_payment, body_repayment, interest_repayment, offer_id) values ('f1cee688-ffd3-4b9e-b384-d2aa5f12416b', '2021-06-18', 9529, 7623.2, 1905.8, '151513fe-6b52-44d6-8a62-c09e31926f4d');
insert into schedule_payment (id, date_payment, amount_payment, body_repayment, interest_repayment, offer_id) values ('c4c41e9b-9a8b-4e64-a3a2-f37e98ccd2db', '2021-03-10', 13201, 10560.8, 2640.2, '9f9d48f8-109d-43c9-bfce-5430aeedbb3f');
insert into schedule_payment (id, date_payment, amount_payment, body_repayment, interest_repayment, offer_id) values ('1e0d0282-331c-4480-bc44-1a29b29828d5', '2021-07-17', 14562, 11649.6, 2912.4, 'b31c9021-722b-461d-8934-3fc3afb9518f');
insert into schedule_payment (id, date_payment, amount_payment, body_repayment, interest_repayment, offer_id) values ('754e3c6b-1db2-4957-8873-f4be4fd10371', '2020-11-20', 7164, 5731.2, 1432.8, 'c3982c39-0eb1-4363-a0bd-0c1756b2dbd3');
insert into schedule_payment (id, date_payment, amount_payment, body_repayment, interest_repayment, offer_id) values ('8efc508c-bdf1-4dc5-8777-e62b3cc21179', '2021-07-28', 14634, 11707.2, 2926.8, '7073a24a-a172-4a1f-9410-a690f43511b2');
insert into schedule_payment (id, date_payment, amount_payment, body_repayment, interest_repayment, offer_id) values ('2f3aa3c3-13fe-4e93-bacf-68621671ec14', '2021-01-20', 5400, 4320, 1080, 'ed0e2847-960a-4101-aa71-994814959244');
insert into schedule_payment (id, date_payment, amount_payment, body_repayment, interest_repayment, offer_id) values ('f6526272-b6c4-46d6-979c-3fcc5f4a520f', '2021-05-22', 6874, 5499.2, 1374.8, '6116e37c-4a28-42f1-862f-a7ed96f65ecb');
insert into schedule_payment (id, date_payment, amount_payment, body_repayment, interest_repayment, offer_id) values ('d1036373-a4d5-4b32-8f73-327004e10291', '2021-07-19', 10811, 8648.8, 2162.2, 'e93f8f93-a8b3-4fbe-87f6-f3976d49d17c');
insert into schedule_payment (id, date_payment, amount_payment, body_repayment, interest_repayment, offer_id) values ('b09b2cfc-da57-4a9a-b084-b1e5d8428ac7', '2021-04-09', 3874, 3099.2, 774.8, '510b8acb-863f-4ac3-9c1c-7573c8983fca');
insert into schedule_payment (id, date_payment, amount_payment, body_repayment, interest_repayment, offer_id) values ('8aef813f-b45c-4a05-b979-8cd6aed4b8fc', '2021-04-18', 13452, 10761.6, 2690.4, '6653e6a6-6b7a-4249-9aa1-40afd1b9ee77');
insert into schedule_payment (id, date_payment, amount_payment, body_repayment, interest_repayment, offer_id) values ('9ea1be19-9cec-4b45-9f88-6ce557586770', '2020-12-05', 1778, 1422.4, 355.6, '531ba920-e7c7-446a-9ad5-34d5ebabfa2e');
insert into schedule_payment (id, date_payment, amount_payment, body_repayment, interest_repayment, offer_id) values ('4c8a5b79-ef68-45b4-a3b3-2e27ce0ec4ee', '2021-03-20', 11500, 9200, 2300, '3dcf708c-3400-4b47-b52a-cafe790997cd');
insert into schedule_payment (id, date_payment, amount_payment, body_repayment, interest_repayment, offer_id) values ('4e83ca06-2f95-49a0-8bcb-1e4c7ee2db43', '2020-12-24', 7501, 6000.8, 1500.2, '8a1e6156-6697-4927-9ff2-f5977a20781a');
insert into schedule_payment (id, date_payment, amount_payment, body_repayment, interest_repayment, offer_id) values ('05bf6bac-4576-4d66-89a6-5b88f76ed98a', '2021-03-19', 8683, 6946.4, 1736.6, '4ef89fb3-283e-46c8-be43-a5a1c8cb3848');
insert into schedule_payment (id, date_payment, amount_payment, body_repayment, interest_repayment, offer_id) values ('3fd27d4d-447d-419f-aa91-22e2419b803b', '2021-08-12', 6620, 5296, 1324, '9dfca2b0-3f64-4091-9d50-eb5d987eb1da');
insert into schedule_payment (id, date_payment, amount_payment, body_repayment, interest_repayment, offer_id) values ('33408a51-38b7-486b-a0b8-8133f42bd719', '2021-07-31', 13113, 10490.4, 2622.6, '1849bab0-4b95-4eb8-b2a2-4d51eed88c53');
insert into schedule_payment (id, date_payment, amount_payment, body_repayment, interest_repayment, offer_id) values ('5534a30b-ae42-417f-a48d-9abcd8de2f6f', '2021-08-28', 11602, 9281.6, 2320.4, '10312530-4dd1-4c5f-bd36-cd7cd15b32a8');
insert into schedule_payment (id, date_payment, amount_payment, body_repayment, interest_repayment, offer_id) values ('62fc715b-be39-4953-ace9-d9c185a126bd', '2021-02-13', 5227, 4181.6, 1045.4, 'c7d0f815-2067-4f73-ae26-130853f5e278');
insert into schedule_payment (id, date_payment, amount_payment, body_repayment, interest_repayment, offer_id) values ('d41354f7-aa6d-4769-a59a-b0ea7cadbfe9', '2021-07-24', 14454, 11563.2, 2890.8, 'ec3d66c8-de99-4d16-88ec-93343b39b8e2');
insert into schedule_payment (id, date_payment, amount_payment, body_repayment, interest_repayment, offer_id) values ('f528b636-6c78-4c7a-a36c-546fe6430496', '2021-09-20', 2156, 1724.8, 431.2, '7ee1a0fa-b2c3-4878-94aa-8202108de3f0');
insert into schedule_payment (id, date_payment, amount_payment, body_repayment, interest_repayment, offer_id) values ('f5343c81-bbcf-4347-bad8-208695df11a4', '2021-06-02', 3301, 2640.8, 660.2, 'ad201abd-f299-4a0b-af58-86ea06ee1f68');
insert into schedule_payment (id, date_payment, amount_payment, body_repayment, interest_repayment, offer_id) values ('35995677-5e65-4699-90bc-8c219cab8464', '2020-12-06', 7974, 6379.2, 1594.8, 'af51fbd3-4e2e-490c-867d-7cc4ee0b99ff');
insert into schedule_payment (id, date_payment, amount_payment, body_repayment, interest_repayment, offer_id) values ('f41d195c-48d2-42b2-b08b-38ded2d3ee3d', '2021-06-03', 2317, 1853.6, 463.4, 'ecc71c9c-d611-4140-ab9b-c3d8ac579bf3');
insert into schedule_payment (id, date_payment, amount_payment, body_repayment, interest_repayment, offer_id) values ('12761f69-4257-403e-b8da-cf220df2e6e0', '2021-01-21', 5432, 4345.6, 1086.4, 'e023c29f-6e8d-4cca-acb8-e5a787af691e');
insert into schedule_payment (id, date_payment, amount_payment, body_repayment, interest_repayment, offer_id) values ('80a5d588-1016-46c5-a065-87aae6d98d09', '2021-09-16', 4129, 3303.2, 825.8, 'cf975447-5f7f-409a-b686-ca41fa11e63b');
insert into schedule_payment (id, date_payment, amount_payment, body_repayment, interest_repayment, offer_id) values ('df632e64-e01d-4000-bdd7-46d3f7996dce', '2020-12-10', 3731, 2984.8, 746.2, '4a4fcc89-f641-4ec8-8947-bdca0edd6f19');
insert into schedule_payment (id, date_payment, amount_payment, body_repayment, interest_repayment, offer_id) values ('11b7eb9e-9e81-4e4e-8c1f-72a309fc223c', '2021-01-18', 14182, 11345.6, 2836.4, '47ac794b-d861-4900-bf8c-8e5c317d683e');
insert into schedule_payment (id, date_payment, amount_payment, body_repayment, interest_repayment, offer_id) values ('512c2ff9-e91b-4c6f-81c5-37b84d41b683', '2021-06-26', 4399, 3519.2, 879.8, 'f0939c23-c377-4d50-a0df-412655cdd46d');
insert into schedule_payment (id, date_payment, amount_payment, body_repayment, interest_repayment, offer_id) values ('0e0db7da-d49d-4753-9728-f74a03a179e1', '2020-11-27', 8365, 6692, 1673, '4e3d0164-9a9f-47c3-ac05-9ca6b8c2a967');
insert into schedule_payment (id, date_payment, amount_payment, body_repayment, interest_repayment, offer_id) values ('a04f1ee0-9eba-415b-bf10-17de9ec9a5ed', '2020-11-27', 3548, 2838.4, 709.6, '7bbf0a7c-46a6-42a3-aaac-b4733f1b9c2f');
insert into schedule_payment (id, date_payment, amount_payment, body_repayment, interest_repayment, offer_id) values ('54f7f1e8-7f0a-4516-b3a6-57ac94c9bebb', '2020-12-24', 3258, 2606.4, 651.6, 'e7936c09-eb4f-4c67-9789-ee7b8ceaf5b8');
insert into schedule_payment (id, date_payment, amount_payment, body_repayment, interest_repayment, offer_id) values ('3219d151-acea-405a-9192-1fe1bcf098f3', '2020-11-18', 8685, 6948, 1737, 'f2fce4b4-368d-41aa-a970-ef3717c1173b');
insert into schedule_payment (id, date_payment, amount_payment, body_repayment, interest_repayment, offer_id) values ('2f20e433-1b66-4708-b894-1ef045a5c663', '2020-12-30', 4468, 3574.4, 893.6, '2bfbe4ab-2d02-478e-8ff5-fd415552fa09');
insert into schedule_payment (id, date_payment, amount_payment, body_repayment, interest_repayment, offer_id) values ('09d2954b-1a17-46d8-a4ea-82eaed5ea0c1', '2020-11-05', 12923, 10338.4, 2584.6, '4999e3cf-2d28-45ac-ada2-50ef0ba1e8fe');
insert into schedule_payment (id, date_payment, amount_payment, body_repayment, interest_repayment, offer_id) values ('7675e224-8729-4cdb-beca-ff63e34dfe4b', '2021-02-24', 4279, 3423.2, 855.8, '078e590a-6099-4e75-843e-567bc083f9c6');
insert into schedule_payment (id, date_payment, amount_payment, body_repayment, interest_repayment, offer_id) values ('9ec7a57b-db95-48ec-9fa2-df8cbace1a34', '2021-02-13', 4560, 3648, 912, '5d7532f9-57a2-4c0e-8259-48eec51bafa8');
insert into schedule_payment (id, date_payment, amount_payment, body_repayment, interest_repayment, offer_id) values ('fecb0e8c-b09e-4496-a2ba-48455c8f431f', '2021-07-04', 1043, 834.4, 208.6, 'c1927662-2efc-40a5-8ab3-c018e4f4724f');
insert into schedule_payment (id, date_payment, amount_payment, body_repayment, interest_repayment, offer_id) values ('3025eb68-1fb2-4128-8bd0-2fa669f22fb2', '2021-01-01', 14563, 11650.4, 2912.6, 'c614b249-3741-46b8-8c0f-ad1c30c299ef');
insert into schedule_payment (id, date_payment, amount_payment, body_repayment, interest_repayment, offer_id) values ('cb74a9e7-7859-443d-a6dd-da723dfad2a6', '2021-01-16', 9167, 7333.6, 1833.4, '1ffd97c2-47b2-420c-9872-2250cce0dff5');
insert into schedule_payment (id, date_payment, amount_payment, body_repayment, interest_repayment, offer_id) values ('1c679080-fcdb-4c68-a5ca-75fbd8e49fa4', '2021-06-03', 8738, 6990.4, 1747.6, 'a6b9606a-5623-4bc5-9c50-37f34f118e09');
insert into schedule_payment (id, date_payment, amount_payment, body_repayment, interest_repayment, offer_id) values ('9437940e-c9f0-40ff-9e94-5cb1495c43b1', '2021-08-11', 4661, 3728.8, 932.2, '6e79a033-2b37-49fb-a6a2-36c9d5d2fc4e');
insert into schedule_payment (id, date_payment, amount_payment, body_repayment, interest_repayment, offer_id) values ('a030bf0f-246d-4a38-bd6b-35f9fd7292e7', '2021-05-17', 9511, 7608.8, 1902.2, '85e27074-e6c1-4893-92c2-057816ea0b85');
insert into schedule_payment (id, date_payment, amount_payment, body_repayment, interest_repayment, offer_id) values ('2a43f2b3-3c52-48f8-8aa3-9c0ee56d91c9', '2020-10-17', 4320, 3456, 864, '2057a8a1-2225-404d-a94c-df98121d5388');
insert into schedule_payment (id, date_payment, amount_payment, body_repayment, interest_repayment, offer_id) values ('862fa0cd-866c-45c9-b2b7-d64f9df352f8', '2021-07-10', 12452, 9961.6, 2490.4, '9c5c0f08-6c4a-4578-8059-fbd9eb0a519a');
insert into schedule_payment (id, date_payment, amount_payment, body_repayment, interest_repayment, offer_id) values ('285a5b77-ea28-4f7e-9f97-5a605abeaf43', '2021-05-06', 10716, 8572.8, 2143.2, 'e694b6b5-d683-461c-ab95-cc8d1ff37a49');
insert into schedule_payment (id, date_payment, amount_payment, body_repayment, interest_repayment, offer_id) values ('acd6d3ee-183e-41cf-a69a-631e18fe5756', '2021-04-13', 13546, 10836.8, 2709.2, '5944d9dd-95ab-44f2-819a-98e12aef1885');
insert into schedule_payment (id, date_payment, amount_payment, body_repayment, interest_repayment, offer_id) values ('29ff712c-0777-4f98-8792-1a389392db3e', '2021-03-25', 3080, 2464, 616, 'b1b84857-8bd2-4d31-b79a-372049e45a4b');
insert into schedule_payment (id, date_payment, amount_payment, body_repayment, interest_repayment, offer_id) values ('134df957-2e6e-4738-a04b-aa409e2a8eca', '2021-04-25', 10048, 8038.4, 2009.6, '7e3af022-4333-4cf3-bda9-144169f5798a');
insert into schedule_payment (id, date_payment, amount_payment, body_repayment, interest_repayment, offer_id) values ('f68e94ba-ed62-4f7d-b58e-53dbfc72c92c', '2020-09-26', 6480, 5184, 1296, '5e86b3dc-43b1-4843-98d3-bd31f3854eae');
insert into schedule_payment (id, date_payment, amount_payment, body_repayment, interest_repayment, offer_id) values ('1168fa20-a4ba-40fa-9d6c-327f9f63a67a', '2020-11-11', 1110, 888, 222, '4523a068-7eae-44ac-ae62-5f8d479ad079');
insert into schedule_payment (id, date_payment, amount_payment, body_repayment, interest_repayment, offer_id) values ('8cb53bdd-fb4b-4b0e-a592-7b919b7d8b29', '2021-04-24', 11557, 9245.6, 2311.4, '9fa1a9de-a99a-43ff-be5c-1ea5224dbd0d');
insert into schedule_payment (id, date_payment, amount_payment, body_repayment, interest_repayment, offer_id) values ('44534dd8-33ed-457c-ac51-022d1570f331', '2021-06-07', 11059, 8847.2, 2211.8, '362d5e6f-bc50-42b1-945d-b913ea8364db');
insert into schedule_payment (id, date_payment, amount_payment, body_repayment, interest_repayment, offer_id) values ('e31b77f1-9c87-4380-95a4-a5ef63e2ada0', '2021-05-05', 3786, 3028.8, 757.2, '39c6da5b-8270-4384-a95b-f2263509b311');
insert into schedule_payment (id, date_payment, amount_payment, body_repayment, interest_repayment, offer_id) values ('cf2e3e71-2552-404a-ad32-96bae73c81da', '2021-08-27', 5201, 4160.8, 1040.2, '0150f011-1641-485a-ba33-523b6f6468da');
insert into schedule_payment (id, date_payment, amount_payment, body_repayment, interest_repayment, offer_id) values ('299ab0a2-4780-4bd4-9cba-f25d01789884', '2021-05-21', 9487, 7589.6, 1897.4, 'b8e93c28-6069-4214-b7d0-595c6e5909a9');
insert into schedule_payment (id, date_payment, amount_payment, body_repayment, interest_repayment, offer_id) values ('045d4263-6c8a-48e6-a705-6e6446647608', '2020-10-01', 1914, 1531.2, 382.8, '0f7eb937-ec1c-4e45-a6c4-5d08c2f8ef0f');
insert into schedule_payment (id, date_payment, amount_payment, body_repayment, interest_repayment, offer_id) values ('529a984a-8666-4cd0-99fc-a9d91f47c9d0', '2021-08-30', 5171, 4136.8, 1034.2, '1ce9f264-6c19-4628-a4f2-e2c6c8d03db8');
insert into schedule_payment (id, date_payment, amount_payment, body_repayment, interest_repayment, offer_id) values ('1bc72067-4787-4530-880f-a9813b60bc05', '2021-06-08', 12033, 9626.4, 2406.6, '0e1344ca-24cf-416d-ba3f-e92e443dbb2a');
insert into schedule_payment (id, date_payment, amount_payment, body_repayment, interest_repayment, offer_id) values ('c002b382-057e-492e-b87c-6529701ee832', '2021-01-11', 13468, 10774.4, 2693.6, '924ad5cd-4941-4e83-9dea-7faf3dbba05e');
insert into schedule_payment (id, date_payment, amount_payment, body_repayment, interest_repayment, offer_id) values ('705bf7ca-fed9-4fd8-b1d5-54ce4fdf2e62', '2020-12-04', 13231, 10584.8, 2646.2, '221c8d8e-a079-427b-9325-76c0955d8d28');
insert into schedule_payment (id, date_payment, amount_payment, body_repayment, interest_repayment, offer_id) values ('8a3f2acc-7775-4290-a4c8-c6cb270f106d', '2021-01-02', 11492, 9193.6, 2298.4, '69708f5b-6adc-4b38-9f57-782aea4a802a');
insert into schedule_payment (id, date_payment, amount_payment, body_repayment, interest_repayment, offer_id) values ('2906d0a6-9631-4f96-8660-6600bded490f', '2020-10-11', 13954, 11163.2, 2790.8, '989214d4-f99a-4ad3-8bf9-06229332b37d');
insert into schedule_payment (id, date_payment, amount_payment, body_repayment, interest_repayment, offer_id) values ('05f4eb9a-19d9-415f-91d0-8c458f52e880', '2021-09-03', 3010, 2408, 602, '32bd32a2-6f4e-4e8f-8a12-24285354362a');
insert into schedule_payment (id, date_payment, amount_payment, body_repayment, interest_repayment, offer_id) values ('ef365421-1181-4261-818f-efce83e0a966', '2021-01-09', 13715, 10972, 2743, '3199dff1-2f65-4b65-8678-0817cc334eb5');
insert into schedule_payment (id, date_payment, amount_payment, body_repayment, interest_repayment, offer_id) values ('498cff29-b72f-4e1f-ad55-82071664e89c', '2020-10-18', 11290, 9032, 2258, '4d918185-e965-4f80-a26b-7793f2d8ced4');
insert into schedule_payment (id, date_payment, amount_payment, body_repayment, interest_repayment, offer_id) values ('0fa99747-6c1e-4a13-bbb5-3de5b9f8a077', '2021-07-13', 9063, 7250.4, 1812.6, '6cb75357-ad45-4dd3-b74b-30813bbfa2ef');
insert into schedule_payment (id, date_payment, amount_payment, body_repayment, interest_repayment, offer_id) values ('06219e9e-2882-4136-adc9-9c92a37ffbae', '2020-11-21', 13118, 10494.4, 2623.6, '9aa898a5-8dbb-410f-acc5-f627e0380547');
insert into schedule_payment (id, date_payment, amount_payment, body_repayment, interest_repayment, offer_id) values ('7234c4d6-f935-4e52-adf8-3df39c2c62e0', '2021-07-15', 2837, 2269.6, 567.4, '4d6db957-db57-40c1-aed1-26c666461277');
insert into schedule_payment (id, date_payment, amount_payment, body_repayment, interest_repayment, offer_id) values ('e6a4422a-23a2-477b-9952-17772c90b702', '2021-08-30', 14137, 11309.6, 2827.4, 'db181a09-dcac-44f1-85f6-33f4ece5f4cd');
insert into schedule_payment (id, date_payment, amount_payment, body_repayment, interest_repayment, offer_id) values ('16e6b487-336d-41f1-a048-2ada78c5e3e2', '2021-08-26', 2597, 2077.6, 519.4, '560d116a-439a-4741-a7e5-2ce158e79767');
insert into schedule_payment (id, date_payment, amount_payment, body_repayment, interest_repayment, offer_id) values ('8f2da9fe-f277-4c67-ba58-488c85a873af', '2021-01-14', 4591, 3672.8, 918.2, '59c404c8-08e7-42e0-a26b-e7b90cfbd920');
insert into schedule_payment (id, date_payment, amount_payment, body_repayment, interest_repayment, offer_id) values ('610d1638-4082-4d0f-b1f1-6b6a39e6144d', '2021-03-21', 14775, 11820, 2955, 'fa7e480b-db24-4d61-9b8c-2cf2e57defb0');
insert into schedule_payment (id, date_payment, amount_payment, body_repayment, interest_repayment, offer_id) values ('cfaedbcf-a5e3-4e9f-86a5-cf0c4f97e3a1', '2021-07-10', 7497, 5997.6, 1499.4, 'cce77a54-24ea-43ef-993b-ab11cb654583');
insert into schedule_payment (id, date_payment, amount_payment, body_repayment, interest_repayment, offer_id) values ('a2bc9d60-7f60-411f-8f48-b63ba9c3622d', '2020-10-09', 11599, 9279.2, 2319.8, 'fe3990f3-fdc9-4a68-af2c-c08c7c9e3a25');
insert into schedule_payment (id, date_payment, amount_payment, body_repayment, interest_repayment, offer_id) values ('cbd9b1ed-309d-4c35-b835-fdfdafb963f9', '2021-04-02', 13997, 11197.6, 2799.4, '9840728c-75d0-4f87-8031-42afda9dcff2');
insert into schedule_payment (id, date_payment, amount_payment, body_repayment, interest_repayment, offer_id) values ('4bfd6ecb-3c99-4744-9ba4-681e8a4f88ce', '2021-06-16', 3179, 2543.2, 635.8, '338c8b24-d2d1-44cf-90b4-d460e3c6ac84');
insert into schedule_payment (id, date_payment, amount_payment, body_repayment, interest_repayment, offer_id) values ('aedc3197-1749-422a-96f3-4bbd0704b308', '2021-03-19', 10588, 8470.4, 2117.6, '4f8d670c-a5c2-423f-8121-a5fb8ebd3715');
insert into schedule_payment (id, date_payment, amount_payment, body_repayment, interest_repayment, offer_id) values ('0fdf2419-db8f-486d-a968-9d44779cf9b7', '2020-10-14', 11211, 8968.8, 2242.2, '7c5ac0ee-fc5d-4c87-bc6f-53fedd36328c');
insert into schedule_payment (id, date_payment, amount_payment, body_repayment, interest_repayment, offer_id) values ('c9a22cf4-5845-41c2-ad6b-456f50b865dd', '2021-05-10', 2535, 2028, 507, '9b3422d1-c6f2-41b6-8a19-4e3b70699b0a');
insert into schedule_payment (id, date_payment, amount_payment, body_repayment, interest_repayment, offer_id) values ('99531c54-8209-4b8a-b893-686d4ef28b5f', '2021-09-10', 8625, 6900, 1725, '6f7a9260-d1ac-4359-ba5c-9d36b5c60b43');
insert into schedule_payment (id, date_payment, amount_payment, body_repayment, interest_repayment, offer_id) values ('2fd961e5-6a7b-4a7e-92b4-a59606790f90', '2021-04-21', 3115, 2492, 623, '87a01b5c-a7ad-4647-868c-df46125781a3');
insert into schedule_payment (id, date_payment, amount_payment, body_repayment, interest_repayment, offer_id) values ('58a0bbcf-f934-4973-ae77-86a42af7ea7e', '2021-03-12', 2436, 1948.8, 487.2, '11d8de38-9f4e-4726-a5f7-f7c5fc235d30');
insert into schedule_payment (id, date_payment, amount_payment, body_repayment, interest_repayment, offer_id) values ('6a15e262-f9d3-4e9f-be94-e8733f63c83c', '2021-03-29', 4024, 3219.2, 804.8, '0e7ddef3-e8aa-4460-927e-25c831d4e0cb');
insert into schedule_payment (id, date_payment, amount_payment, body_repayment, interest_repayment, offer_id) values ('a424d7d8-d53f-4d3f-a4b5-d4d8c3c9de89', '2020-11-27', 12767, 10213.6, 2553.4, '39791b05-f4af-4619-a789-c895355a0aae');
insert into schedule_payment (id, date_payment, amount_payment, body_repayment, interest_repayment, offer_id) values ('dc8d51ff-2ce5-4787-9c78-005645c93d18', '2021-07-11', 10045, 8036, 2009, '8e79e0d2-0cb5-49be-b668-f908143f7237');
insert into schedule_payment (id, date_payment, amount_payment, body_repayment, interest_repayment, offer_id) values ('fe9ba9db-5115-4c66-9395-1c854841ee48', '2021-09-01', 13028, 10422.4, 2605.6, '6abe63fc-bbd4-4fd3-9cec-d726ec234d13');
insert into schedule_payment (id, date_payment, amount_payment, body_repayment, interest_repayment, offer_id) values ('0e7f7b91-684e-4f57-a0c1-d7c7dece49fa', '2020-10-07', 4496, 3596.8, 899.2, '5cce4df9-fe3b-47bd-a3e5-dddffcc3cb14');
insert into schedule_payment (id, date_payment, amount_payment, body_repayment, interest_repayment, offer_id) values ('a7458909-5f30-493c-bcc0-63e4014b9f88', '2020-12-07', 1975, 1580, 395, '18f496a3-f443-4da7-9444-5738dcf09683');
insert into schedule_payment (id, date_payment, amount_payment, body_repayment, interest_repayment, offer_id) values ('ac22fe2b-00ba-4c5c-aa07-ee754e77a2c5', '2020-12-04', 2837, 2269.6, 567.4, 'b8aa6cdf-b491-4a41-bbbb-5e43c5b34dd1');
insert into schedule_payment (id, date_payment, amount_payment, body_repayment, interest_repayment, offer_id) values ('6af27510-7acc-46a7-9316-4b06b2a0037e', '2021-09-11', 5946, 4756.8, 1189.2, '2c8393ab-bf1d-4cdd-b402-6d06a116534b');
insert into schedule_payment (id, date_payment, amount_payment, body_repayment, interest_repayment, offer_id) values ('20acac91-b097-4282-a38b-4afcc87a6d42', '2021-01-12', 1599, 1279.2, 319.8, '8c999782-2eb6-4f1a-9d84-d556d0c5eb2a');
insert into schedule_payment (id, date_payment, amount_payment, body_repayment, interest_repayment, offer_id) values ('51ad7a11-8279-4f4e-9399-1b6b104817d6', '2021-09-10', 8386, 6708.8, 1677.2, 'd566edf3-17ac-4bdf-8d95-830a2fb15d89');
insert into schedule_payment (id, date_payment, amount_payment, body_repayment, interest_repayment, offer_id) values ('79807e12-8601-430e-9717-e4a0d15269e2', '2020-11-30', 11921, 9536.8, 2384.2, '5d4cb77a-3dac-480b-b618-d2a60bd22e4a');
insert into schedule_payment (id, date_payment, amount_payment, body_repayment, interest_repayment, offer_id) values ('8b6b0e47-6735-44c4-933a-5213e5274150', '2020-10-18', 6084, 4867.2, 1216.8, 'e22e36c7-8a57-4f2b-b4f1-c92760ccfbca');
insert into schedule_payment (id, date_payment, amount_payment, body_repayment, interest_repayment, offer_id) values ('79a9663c-1132-44de-95da-4c1cb0543379', '2021-09-16', 14513, 11610.4, 2902.6, '5485025a-6299-4b12-ba25-4f067b58c7c2');
insert into schedule_payment (id, date_payment, amount_payment, body_repayment, interest_repayment, offer_id) values ('26a02d38-609a-40aa-b16f-fec21f004fe4', '2021-02-27', 9044, 7235.2, 1808.8, 'aa8d40fe-f614-43f8-897c-a338d6203147');
insert into schedule_payment (id, date_payment, amount_payment, body_repayment, interest_repayment, offer_id) values ('8ee8c7dc-eb3c-40bd-98c2-de329012d4d7', '2021-04-06', 3030, 2424, 606, '9111db81-325b-4784-a9a5-1a65df1b435e');
insert into schedule_payment (id, date_payment, amount_payment, body_repayment, interest_repayment, offer_id) values ('9f9dfff4-33e8-482d-82f9-5f484acbeee1', '2021-02-22', 13278, 10622.4, 2655.6, 'adfd4601-acef-4cc3-97ef-6a08cdaa98ef');
insert into schedule_payment (id, date_payment, amount_payment, body_repayment, interest_repayment, offer_id) values ('d7aba853-2d5b-466d-9d30-000619bc51f9', '2020-10-13', 1080, 864, 216, 'd4b4827f-d98f-4023-a787-8f74b60bdd45');
insert into schedule_payment (id, date_payment, amount_payment, body_repayment, interest_repayment, offer_id) values ('485a6d29-3126-47d8-9efd-b4ccf5c14037', '2021-05-25', 4230, 3384, 846, 'fa72f5c5-aa8f-40cf-92c7-546f0996c844');
insert into schedule_payment (id, date_payment, amount_payment, body_repayment, interest_repayment, offer_id) values ('fae2b2b1-0bbc-4f88-a373-50fc797ff44d', '2021-09-05', 4687, 3749.6, 937.4, '151513fe-6b52-44d6-8a62-c09e31926f4d');
insert into schedule_payment (id, date_payment, amount_payment, body_repayment, interest_repayment, offer_id) values ('2846898c-2620-44ff-aa80-9cd276156fbe', '2021-09-15', 9848, 7878.4, 1969.6, '9f9d48f8-109d-43c9-bfce-5430aeedbb3f');
insert into schedule_payment (id, date_payment, amount_payment, body_repayment, interest_repayment, offer_id) values ('4aebcd9c-aca1-44e4-a2da-f5b0c2af7d2f', '2021-05-19', 1504, 1203.2, 300.8, 'b31c9021-722b-461d-8934-3fc3afb9518f');
insert into schedule_payment (id, date_payment, amount_payment, body_repayment, interest_repayment, offer_id) values ('49d65b00-f9c8-4096-b157-dc2c923d6b7d', '2021-04-11', 1322, 1057.6, 264.4, 'c3982c39-0eb1-4363-a0bd-0c1756b2dbd3');
insert into schedule_payment (id, date_payment, amount_payment, body_repayment, interest_repayment, offer_id) values ('bed024f6-c736-4107-94ad-80a0ffa60652', '2020-10-15', 7485, 5988, 1497, '7073a24a-a172-4a1f-9410-a690f43511b2');
insert into schedule_payment (id, date_payment, amount_payment, body_repayment, interest_repayment, offer_id) values ('92b12424-ddce-4b76-a92d-5b4fd4a2b3c3', '2020-12-15', 7484, 5987.2, 1496.8, 'ed0e2847-960a-4101-aa71-994814959244');
insert into schedule_payment (id, date_payment, amount_payment, body_repayment, interest_repayment, offer_id) values ('f60a21f8-4968-4182-aa3a-78df1f8b4528', '2020-12-15', 12896, 10316.8, 2579.2, '6116e37c-4a28-42f1-862f-a7ed96f65ecb');
insert into schedule_payment (id, date_payment, amount_payment, body_repayment, interest_repayment, offer_id) values ('be57e0d2-2875-46e3-adb5-a22bfe5b10b5', '2020-12-05', 9776, 7820.8, 1955.2, 'e93f8f93-a8b3-4fbe-87f6-f3976d49d17c');
insert into schedule_payment (id, date_payment, amount_payment, body_repayment, interest_repayment, offer_id) values ('07382e59-1dbe-49a3-a76a-744ab2bc948c', '2021-01-18', 1730, 1384, 346, '510b8acb-863f-4ac3-9c1c-7573c8983fca');
insert into schedule_payment (id, date_payment, amount_payment, body_repayment, interest_repayment, offer_id) values ('126742f4-1a97-4ab8-9931-d82c5f6b63a5', '2021-06-19', 11452, 9161.6, 2290.4, '6653e6a6-6b7a-4249-9aa1-40afd1b9ee77');
insert into schedule_payment (id, date_payment, amount_payment, body_repayment, interest_repayment, offer_id) values ('08450be7-ba41-4789-be1e-4561cce3355f', '2021-08-30', 4560, 3648, 912, '531ba920-e7c7-446a-9ad5-34d5ebabfa2e');
insert into schedule_payment (id, date_payment, amount_payment, body_repayment, interest_repayment, offer_id) values ('0957a657-6a75-44ca-98b7-42f1ddaa232d', '2021-04-04', 2355, 1884, 471, '3dcf708c-3400-4b47-b52a-cafe790997cd');
insert into schedule_payment (id, date_payment, amount_payment, body_repayment, interest_repayment, offer_id) values ('61b3d4a4-9ba1-48ac-914f-ccd5407b6974', '2021-08-08', 11637, 9309.6, 2327.4, '8a1e6156-6697-4927-9ff2-f5977a20781a');
insert into schedule_payment (id, date_payment, amount_payment, body_repayment, interest_repayment, offer_id) values ('3d5df82f-d126-4976-982d-51f338dd1d45', '2020-11-22', 13231, 10584.8, 2646.2, '4ef89fb3-283e-46c8-be43-a5a1c8cb3848');
insert into schedule_payment (id, date_payment, amount_payment, body_repayment, interest_repayment, offer_id) values ('0ffc93f8-19b0-4ad1-92da-cf875224f640', '2021-05-01', 1704, 1363.2, 340.8, '9dfca2b0-3f64-4091-9d50-eb5d987eb1da');
insert into schedule_payment (id, date_payment, amount_payment, body_repayment, interest_repayment, offer_id) values ('602605bc-b89f-4dd6-8a96-5c16ecceef81', '2021-02-04', 6337, 5069.6, 1267.4, '1849bab0-4b95-4eb8-b2a2-4d51eed88c53');
insert into schedule_payment (id, date_payment, amount_payment, body_repayment, interest_repayment, offer_id) values ('1e31b86f-6ba1-4b58-a6b3-857fcf1c7303', '2020-10-30', 11314, 9051.2, 2262.8, '10312530-4dd1-4c5f-bd36-cd7cd15b32a8');
insert into schedule_payment (id, date_payment, amount_payment, body_repayment, interest_repayment, offer_id) values ('222a353d-4ba0-44bc-840b-8ea1767b50ce', '2021-07-30', 14705, 11764, 2941, 'c7d0f815-2067-4f73-ae26-130853f5e278');
insert into schedule_payment (id, date_payment, amount_payment, body_repayment, interest_repayment, offer_id) values ('285f703a-5fc5-4844-98a8-2f1b33109857', '2021-01-04', 6652, 5321.6, 1330.4, 'ec3d66c8-de99-4d16-88ec-93343b39b8e2');
insert into schedule_payment (id, date_payment, amount_payment, body_repayment, interest_repayment, offer_id) values ('89564c53-d70d-4c5d-9935-8c63631cd421', '2021-01-25', 11927, 9541.6, 2385.4, '7ee1a0fa-b2c3-4878-94aa-8202108de3f0');
insert into schedule_payment (id, date_payment, amount_payment, body_repayment, interest_repayment, offer_id) values ('6b657a57-823c-4b98-b7b2-c41cb6d85479', '2021-09-13', 9941, 7952.8, 1988.2, 'ad201abd-f299-4a0b-af58-86ea06ee1f68');
insert into schedule_payment (id, date_payment, amount_payment, body_repayment, interest_repayment, offer_id) values ('05971860-ae66-49ee-8358-95e96776ba54', '2020-12-05', 6206, 4964.8, 1241.2, 'af51fbd3-4e2e-490c-867d-7cc4ee0b99ff');
insert into schedule_payment (id, date_payment, amount_payment, body_repayment, interest_repayment, offer_id) values ('65f3798e-8093-4f32-ad44-05cc42600cf0', '2020-10-30', 11547, 9237.6, 2309.4, 'ecc71c9c-d611-4140-ab9b-c3d8ac579bf3');
insert into schedule_payment (id, date_payment, amount_payment, body_repayment, interest_repayment, offer_id) values ('15bb45e3-0afb-45f6-bc75-ee97c5ac8348', '2021-09-01', 1530, 1224, 306, 'e023c29f-6e8d-4cca-acb8-e5a787af691e');
insert into schedule_payment (id, date_payment, amount_payment, body_repayment, interest_repayment, offer_id) values ('7ff2380a-6995-434b-af1f-3c3ab5d1bbc5', '2021-01-13', 1154, 923.2, 230.8, 'cf975447-5f7f-409a-b686-ca41fa11e63b');
insert into schedule_payment (id, date_payment, amount_payment, body_repayment, interest_repayment, offer_id) values ('02234b95-5cec-45b4-a829-14573230614b', '2020-10-02', 3668, 2934.4, 733.6, '4a4fcc89-f641-4ec8-8947-bdca0edd6f19');
insert into schedule_payment (id, date_payment, amount_payment, body_repayment, interest_repayment, offer_id) values ('e8e932d9-43b3-4b43-8f5b-b29a6b803681', '2021-01-07', 12379, 9903.2, 2475.8, '47ac794b-d861-4900-bf8c-8e5c317d683e');
insert into schedule_payment (id, date_payment, amount_payment, body_repayment, interest_repayment, offer_id) values ('482cf75f-45b5-4697-bcac-9225b0657461', '2020-11-16', 13219, 10575.2, 2643.8, 'f0939c23-c377-4d50-a0df-412655cdd46d');
insert into schedule_payment (id, date_payment, amount_payment, body_repayment, interest_repayment, offer_id) values ('e01e4e31-f040-4c7e-94d4-cc3d3de39b4d', '2021-03-29', 1297, 1037.6, 259.4, '4e3d0164-9a9f-47c3-ac05-9ca6b8c2a967');
insert into schedule_payment (id, date_payment, amount_payment, body_repayment, interest_repayment, offer_id) values ('5f241c13-a829-4aea-9d00-92113db22679', '2021-08-25', 14293, 11434.4, 2858.6, '7bbf0a7c-46a6-42a3-aaac-b4733f1b9c2f');
insert into schedule_payment (id, date_payment, amount_payment, body_repayment, interest_repayment, offer_id) values ('cf6cec60-07f3-48eb-9873-f28a7840a9fc', '2021-06-22', 9935, 7948, 1987, 'e7936c09-eb4f-4c67-9789-ee7b8ceaf5b8');
insert into schedule_payment (id, date_payment, amount_payment, body_repayment, interest_repayment, offer_id) values ('a0c6617e-ac40-487d-8e58-fce63f12355b', '2021-09-21', 3325, 2660, 665, 'f2fce4b4-368d-41aa-a970-ef3717c1173b');
insert into schedule_payment (id, date_payment, amount_payment, body_repayment, interest_repayment, offer_id) values ('ac71c2e8-137f-4848-bce5-765f86919e3b', '2021-01-26', 13653, 10922.4, 2730.6, '2bfbe4ab-2d02-478e-8ff5-fd415552fa09');
insert into schedule_payment (id, date_payment, amount_payment, body_repayment, interest_repayment, offer_id) values ('d49a0f8d-b522-41d8-88dd-66e6035671b7', '2021-01-01', 8462, 6769.6, 1692.4, '4999e3cf-2d28-45ac-ada2-50ef0ba1e8fe');
insert into schedule_payment (id, date_payment, amount_payment, body_repayment, interest_repayment, offer_id) values ('9bb7020b-0ff7-4797-bcfb-5b408ea36801', '2021-07-04', 1926, 1540.8, 385.2, '078e590a-6099-4e75-843e-567bc083f9c6');
insert into schedule_payment (id, date_payment, amount_payment, body_repayment, interest_repayment, offer_id) values ('20c365e6-eca8-46a3-9ee1-a6a222e31f70', '2021-05-09', 6745, 5396, 1349, '5d7532f9-57a2-4c0e-8259-48eec51bafa8');
insert into schedule_payment (id, date_payment, amount_payment, body_repayment, interest_repayment, offer_id) values ('de71c001-958e-4694-983f-2cce7ca24c11', '2021-01-22', 2428, 1942.4, 485.6, 'c1927662-2efc-40a5-8ab3-c018e4f4724f');
insert into schedule_payment (id, date_payment, amount_payment, body_repayment, interest_repayment, offer_id) values ('4ec2f3fb-d26e-4ec9-b5e0-8c70155c4fe1', '2021-01-10', 3920, 3136, 784, 'c614b249-3741-46b8-8c0f-ad1c30c299ef');
insert into schedule_payment (id, date_payment, amount_payment, body_repayment, interest_repayment, offer_id) values ('c4d38045-c204-4383-86b3-5a5e371c8dd3', '2021-03-29', 3406, 2724.8, 681.2, '1ffd97c2-47b2-420c-9872-2250cce0dff5');
insert into schedule_payment (id, date_payment, amount_payment, body_repayment, interest_repayment, offer_id) values ('c75de563-4f84-4418-837f-5f5247eb4fb2', '2020-12-10', 11278, 9022.4, 2255.6, 'a6b9606a-5623-4bc5-9c50-37f34f118e09');
insert into schedule_payment (id, date_payment, amount_payment, body_repayment, interest_repayment, offer_id) values ('ee826ee4-65b7-44b7-8b7f-3f9ff914d637', '2021-08-13', 3557, 2845.6, 711.4, '6e79a033-2b37-49fb-a6a2-36c9d5d2fc4e');
insert into schedule_payment (id, date_payment, amount_payment, body_repayment, interest_repayment, offer_id) values ('fe2260fc-527a-4181-9ebd-e0b32d5f8628', '2020-10-16', 4831, 3864.8, 966.2, '85e27074-e6c1-4893-92c2-057816ea0b85');
insert into schedule_payment (id, date_payment, amount_payment, body_repayment, interest_repayment, offer_id) values ('cfc10f16-0066-479f-b672-54c47218d358', '2021-08-07', 12380, 9904, 2476, '2057a8a1-2225-404d-a94c-df98121d5388');
insert into schedule_payment (id, date_payment, amount_payment, body_repayment, interest_repayment, offer_id) values ('68131880-baea-43aa-a9c7-bc7646136b18', '2021-07-19', 7032, 5625.6, 1406.4, '9c5c0f08-6c4a-4578-8059-fbd9eb0a519a');
insert into schedule_payment (id, date_payment, amount_payment, body_repayment, interest_repayment, offer_id) values ('e3b9798f-22bd-4b98-8968-23a1e1b8aa30', '2021-02-04', 8157, 6525.6, 1631.4, 'e694b6b5-d683-461c-ab95-cc8d1ff37a49');
insert into schedule_payment (id, date_payment, amount_payment, body_repayment, interest_repayment, offer_id) values ('f28b6ba3-21e8-4069-8295-5aa7f464811f', '2021-07-21', 13864, 11091.2, 2772.8, '5944d9dd-95ab-44f2-819a-98e12aef1885');
insert into schedule_payment (id, date_payment, amount_payment, body_repayment, interest_repayment, offer_id) values ('2d2c8fa6-1734-4619-9aa8-d489ce45c16f', '2021-01-05', 2940, 2352, 588, 'b1b84857-8bd2-4d31-b79a-372049e45a4b');
insert into schedule_payment (id, date_payment, amount_payment, body_repayment, interest_repayment, offer_id) values ('40ffa4ba-8e72-4e7c-8e45-48ed6b5ea968', '2021-03-05', 9624, 7699.2, 1924.8, '7e3af022-4333-4cf3-bda9-144169f5798a');
insert into schedule_payment (id, date_payment, amount_payment, body_repayment, interest_repayment, offer_id) values ('c42e6e64-4575-4a12-95f0-0c41c7f7cf5b', '2021-05-31', 9896, 7916.8, 1979.2, '5e86b3dc-43b1-4843-98d3-bd31f3854eae');
insert into schedule_payment (id, date_payment, amount_payment, body_repayment, interest_repayment, offer_id) values ('d403b57f-3eb6-441a-86e1-d4cd00403ce7', '2020-10-29', 6656, 5324.8, 1331.2, '4523a068-7eae-44ac-ae62-5f8d479ad079');
insert into schedule_payment (id, date_payment, amount_payment, body_repayment, interest_repayment, offer_id) values ('db4f4a91-ecef-4af9-9a12-ff6710f9b98d', '2020-12-11', 6785, 5428, 1357, '9fa1a9de-a99a-43ff-be5c-1ea5224dbd0d');
insert into schedule_payment (id, date_payment, amount_payment, body_repayment, interest_repayment, offer_id) values ('203b5247-f7b3-41e8-b2de-abc0d8a25f63', '2020-11-17', 3720, 2976, 744, '362d5e6f-bc50-42b1-945d-b913ea8364db');
insert into schedule_payment (id, date_payment, amount_payment, body_repayment, interest_repayment, offer_id) values ('e00f6c13-c2b6-45d9-9405-2c1736722ad7', '2020-11-30', 6507, 5205.6, 1301.4, '39c6da5b-8270-4384-a95b-f2263509b311');
insert into schedule_payment (id, date_payment, amount_payment, body_repayment, interest_repayment, offer_id) values ('35c3c935-1131-49c9-b8ea-b20abbbc651e', '2020-10-30', 7131, 5704.8, 1426.2, '0150f011-1641-485a-ba33-523b6f6468da');
insert into schedule_payment (id, date_payment, amount_payment, body_repayment, interest_repayment, offer_id) values ('19ef8da9-5776-46ac-bba8-d8ab918e3cfc', '2021-03-16', 1256, 1004.8, 251.2, 'b8e93c28-6069-4214-b7d0-595c6e5909a9');
insert into schedule_payment (id, date_payment, amount_payment, body_repayment, interest_repayment, offer_id) values ('ee301175-aa54-448b-9f12-75a818bd0cef', '2021-01-14', 8851, 7080.8, 1770.2, '0f7eb937-ec1c-4e45-a6c4-5d08c2f8ef0f');
insert into schedule_payment (id, date_payment, amount_payment, body_repayment, interest_repayment, offer_id) values ('24c490b3-4f12-4294-8842-2a140ce0f565', '2021-06-03', 5786, 4628.8, 1157.2, '1ce9f264-6c19-4628-a4f2-e2c6c8d03db8');
insert into schedule_payment (id, date_payment, amount_payment, body_repayment, interest_repayment, offer_id) values ('3cd6a014-c0a1-49e0-bbf0-7796ffbf8d5b', '2020-11-02', 1444, 1155.2, 288.8, '0e1344ca-24cf-416d-ba3f-e92e443dbb2a');
insert into schedule_payment (id, date_payment, amount_payment, body_repayment, interest_repayment, offer_id) values ('a1b23d63-34e3-4cba-9321-bff38dfb9cde', '2020-12-07', 10397, 8317.6, 2079.4, '924ad5cd-4941-4e83-9dea-7faf3dbba05e');
insert into schedule_payment (id, date_payment, amount_payment, body_repayment, interest_repayment, offer_id) values ('96f60939-c640-4870-abef-fe421f54c3e2', '2021-06-29', 6246, 4996.8, 1249.2, '221c8d8e-a079-427b-9325-76c0955d8d28');
insert into schedule_payment (id, date_payment, amount_payment, body_repayment, interest_repayment, offer_id) values ('a5dede3a-f1c0-408e-949b-3be5cf3ba9f8', '2020-10-31', 1704, 1363.2, 340.8, '69708f5b-6adc-4b38-9f57-782aea4a802a');
insert into schedule_payment (id, date_payment, amount_payment, body_repayment, interest_repayment, offer_id) values ('0c9a199b-01e5-46a8-941e-6a2cc170f99a', '2021-04-12', 11954, 9563.2, 2390.8, '989214d4-f99a-4ad3-8bf9-06229332b37d');
insert into schedule_payment (id, date_payment, amount_payment, body_repayment, interest_repayment, offer_id) values ('fdf33002-eab3-4dd7-8643-d6ddd506fdcf', '2021-01-16', 14203, 11362.4, 2840.6, '32bd32a2-6f4e-4e8f-8a12-24285354362a');
insert into schedule_payment (id, date_payment, amount_payment, body_repayment, interest_repayment, offer_id) values ('722b4b75-177a-42dd-a712-2738d40945a8', '2021-08-10', 7889, 6311.2, 1577.8, '3199dff1-2f65-4b65-8678-0817cc334eb5');
insert into schedule_payment (id, date_payment, amount_payment, body_repayment, interest_repayment, offer_id) values ('7122578f-af84-46ca-8b50-4739e76414fa', '2021-03-10', 7811, 6248.8, 1562.2, '4d918185-e965-4f80-a26b-7793f2d8ced4');
insert into schedule_payment (id, date_payment, amount_payment, body_repayment, interest_repayment, offer_id) values ('56a98187-d1b8-4040-baba-3870515b4770', '2020-11-25', 13774, 11019.2, 2754.8, '6cb75357-ad45-4dd3-b74b-30813bbfa2ef');
insert into schedule_payment (id, date_payment, amount_payment, body_repayment, interest_repayment, offer_id) values ('75ec97e4-9e22-4eb6-80ce-6637640926d3', '2020-10-26', 4308, 3446.4, 861.6, '9aa898a5-8dbb-410f-acc5-f627e0380547');
insert into schedule_payment (id, date_payment, amount_payment, body_repayment, interest_repayment, offer_id) values ('00e47e37-bdbc-43fd-b2db-c800c6b025c1', '2021-01-06', 7233, 5786.4, 1446.6, '4d6db957-db57-40c1-aed1-26c666461277');
insert into schedule_payment (id, date_payment, amount_payment, body_repayment, interest_repayment, offer_id) values ('7a7f16ab-accf-4e9b-ad39-4b99cd76c5dc', '2021-05-18', 4124, 3299.2, 824.8, 'db181a09-dcac-44f1-85f6-33f4ece5f4cd');
insert into schedule_payment (id, date_payment, amount_payment, body_repayment, interest_repayment, offer_id) values ('cec9cfc0-52e5-4c72-83ba-1d790d34952c', '2021-04-26', 6698, 5358.4, 1339.6, '560d116a-439a-4741-a7e5-2ce158e79767');
insert into schedule_payment (id, date_payment, amount_payment, body_repayment, interest_repayment, offer_id) values ('b16ca7db-3184-4a38-b702-1aa8fb5b4f0f', '2020-12-13', 12480, 9984, 2496, '59c404c8-08e7-42e0-a26b-e7b90cfbd920');
insert into schedule_payment (id, date_payment, amount_payment, body_repayment, interest_repayment, offer_id) values ('da898ffa-05ae-4dc8-a064-ea5fa422f84f', '2021-09-18', 2022, 1617.6, 404.4, 'fa7e480b-db24-4d61-9b8c-2cf2e57defb0');
insert into schedule_payment (id, date_payment, amount_payment, body_repayment, interest_repayment, offer_id) values ('2c080d10-99d6-48dc-816c-5b7fe8be9db5', '2020-12-01', 12026, 9620.8, 2405.2, 'cce77a54-24ea-43ef-993b-ab11cb654583');
insert into schedule_payment (id, date_payment, amount_payment, body_repayment, interest_repayment, offer_id) values ('197aaf79-2bc5-45c7-a7f3-3d39ece1b36f', '2020-11-09', 1207, 965.6, 241.4, 'fe3990f3-fdc9-4a68-af2c-c08c7c9e3a25');
insert into schedule_payment (id, date_payment, amount_payment, body_repayment, interest_repayment, offer_id) values ('f21f4831-1239-4a84-98d3-26b6b8093441', '2020-12-14', 13451, 10760.8, 2690.2, '9840728c-75d0-4f87-8031-42afda9dcff2');
insert into schedule_payment (id, date_payment, amount_payment, body_repayment, interest_repayment, offer_id) values ('95d6d262-405d-48d0-af5b-277dccdaf94d', '2021-01-21', 14928, 11942.4, 2985.6, '338c8b24-d2d1-44cf-90b4-d460e3c6ac84');
insert into schedule_payment (id, date_payment, amount_payment, body_repayment, interest_repayment, offer_id) values ('acd45a94-b913-4776-af57-775942f7af71', '2020-12-14', 7915, 6332, 1583, '4f8d670c-a5c2-423f-8121-a5fb8ebd3715');
insert into schedule_payment (id, date_payment, amount_payment, body_repayment, interest_repayment, offer_id) values ('e519ef4b-d8d6-4d58-bb78-c2f31216d5ba', '2021-07-17', 3942, 3153.6, 788.4, '7c5ac0ee-fc5d-4c87-bc6f-53fedd36328c');
insert into schedule_payment (id, date_payment, amount_payment, body_repayment, interest_repayment, offer_id) values ('2f868703-4e82-432c-be75-59d677da35f3', '2021-04-20', 11346, 9076.8, 2269.2, '9b3422d1-c6f2-41b6-8a19-4e3b70699b0a');
insert into schedule_payment (id, date_payment, amount_payment, body_repayment, interest_repayment, offer_id) values ('3a1480a3-0752-4726-9e75-9a14f5ca863a', '2021-02-07', 3284, 2627.2, 656.8, '6f7a9260-d1ac-4359-ba5c-9d36b5c60b43');
insert into schedule_payment (id, date_payment, amount_payment, body_repayment, interest_repayment, offer_id) values ('3e817991-3106-4933-a4b8-111e03c7138e', '2021-08-30', 9887, 7909.6, 1977.4, '87a01b5c-a7ad-4647-868c-df46125781a3');
insert into schedule_payment (id, date_payment, amount_payment, body_repayment, interest_repayment, offer_id) values ('601f8fd6-ee89-4e68-887a-1b4e9b113994', '2021-02-14', 5686, 4548.8, 1137.2, '11d8de38-9f4e-4726-a5f7-f7c5fc235d30');
insert into schedule_payment (id, date_payment, amount_payment, body_repayment, interest_repayment, offer_id) values ('26eb971e-6c00-4843-94ca-a8a1060695d5', '2021-08-02', 14823, 11858.4, 2964.6, '0e7ddef3-e8aa-4460-927e-25c831d4e0cb');
insert into schedule_payment (id, date_payment, amount_payment, body_repayment, interest_repayment, offer_id) values ('3d03d3dd-867a-480e-97a4-6b99f7c08c3c', '2020-10-09', 10241, 8192.8, 2048.2, '39791b05-f4af-4619-a789-c895355a0aae');
insert into schedule_payment (id, date_payment, amount_payment, body_repayment, interest_repayment, offer_id) values ('3a934cd1-87b1-4611-ad6d-064fed816516', '2021-02-07', 7636, 6108.8, 1527.2, '8e79e0d2-0cb5-49be-b668-f908143f7237');
insert into schedule_payment (id, date_payment, amount_payment, body_repayment, interest_repayment, offer_id) values ('da5ad62d-4a75-4267-ac71-47d77e2115ac', '2021-09-17', 12165, 9732, 2433, '6abe63fc-bbd4-4fd3-9cec-d726ec234d13');
insert into schedule_payment (id, date_payment, amount_payment, body_repayment, interest_repayment, offer_id) values ('00affe95-fe9d-48ad-80c9-e2a24da6d6cc', '2021-04-26', 2803, 2242.4, 560.6, '5cce4df9-fe3b-47bd-a3e5-dddffcc3cb14');
insert into schedule_payment (id, date_payment, amount_payment, body_repayment, interest_repayment, offer_id) values ('b1022ae9-cbf2-4090-8af1-17edfdce03af', '2021-04-25', 10530, 8424, 2106, '18f496a3-f443-4da7-9444-5738dcf09683');
insert into schedule_payment (id, date_payment, amount_payment, body_repayment, interest_repayment, offer_id) values ('604e2751-1103-47fd-9360-b3c7cc3be6b4', '2020-12-23', 4032, 3225.6, 806.4, 'b8aa6cdf-b491-4a41-bbbb-5e43c5b34dd1');
insert into schedule_payment (id, date_payment, amount_payment, body_repayment, interest_repayment, offer_id) values ('c60a6509-7c28-4138-9be5-e2b1eb326d83', '2020-10-17', 4805, 3844, 961, '2c8393ab-bf1d-4cdd-b402-6d06a116534b');
insert into schedule_payment (id, date_payment, amount_payment, body_repayment, interest_repayment, offer_id) values ('3cc98d1d-383e-429d-a180-31082ba12350', '2021-05-05', 7941, 6352.8, 1588.2, '8c999782-2eb6-4f1a-9d84-d556d0c5eb2a');
insert into schedule_payment (id, date_payment, amount_payment, body_repayment, interest_repayment, offer_id) values ('c71515ba-660d-4329-89ed-3df13ba3c298', '2021-09-07', 2465, 1972, 493, 'd566edf3-17ac-4bdf-8d95-830a2fb15d89');
insert into schedule_payment (id, date_payment, amount_payment, body_repayment, interest_repayment, offer_id) values ('da756bd9-f734-4134-aab9-a25e43861506', '2021-01-06', 5251, 4200.8, 1050.2, '5d4cb77a-3dac-480b-b618-d2a60bd22e4a');
insert into schedule_payment (id, date_payment, amount_payment, body_repayment, interest_repayment, offer_id) values ('f65dd4a8-52e3-40be-8c13-2b0066175d4c', '2021-01-09', 11934, 9547.2, 2386.8, 'e22e36c7-8a57-4f2b-b4f1-c92760ccfbca');
insert into schedule_payment (id, date_payment, amount_payment, body_repayment, interest_repayment, offer_id) values ('09b25d69-ba02-4e6c-88be-588fa58c7dfb', '2021-02-24', 1092, 873.6, 218.4, '5485025a-6299-4b12-ba25-4f067b58c7c2');
insert into schedule_payment (id, date_payment, amount_payment, body_repayment, interest_repayment, offer_id) values ('72ce7f56-866a-47dd-a1b9-282255ff78e7', '2021-09-10', 14994, 11995.2, 2998.8, 'aa8d40fe-f614-43f8-897c-a338d6203147');
insert into schedule_payment (id, date_payment, amount_payment, body_repayment, interest_repayment, offer_id) values ('75cee782-f113-4fe4-af77-1afc5d42a7cb', '2021-02-21', 7495, 5996, 1499, '9111db81-325b-4784-a9a5-1a65df1b435e');
insert into schedule_payment (id, date_payment, amount_payment, body_repayment, interest_repayment, offer_id) values ('dee9ac89-24a4-445d-bce5-fd169672f4f8', '2021-05-18', 4577, 3661.6, 915.4, 'adfd4601-acef-4cc3-97ef-6a08cdaa98ef');
insert into schedule_payment (id, date_payment, amount_payment, body_repayment, interest_repayment, offer_id) values ('c06a57d7-74e4-49b9-817b-e3bd188d2151', '2021-01-19', 3304, 2643.2, 660.8, 'd4b4827f-d98f-4023-a787-8f74b60bdd45');
insert into schedule_payment (id, date_payment, amount_payment, body_repayment, interest_repayment, offer_id) values ('841002ea-e5ee-4c67-bf34-89d1da0c79bb', '2021-03-27', 1124, 899.2, 224.8, 'fa72f5c5-aa8f-40cf-92c7-546f0996c844');
insert into schedule_payment (id, date_payment, amount_payment, body_repayment, interest_repayment, offer_id) values ('c8b06f1a-0812-49be-a99f-543e3f911f9b', '2021-03-07', 10355, 8284, 2071, '151513fe-6b52-44d6-8a62-c09e31926f4d');
insert into schedule_payment (id, date_payment, amount_payment, body_repayment, interest_repayment, offer_id) values ('56da50ed-3477-48f7-888e-c21f33d61d5d', '2020-11-11', 3099, 2479.2, 619.8, '9f9d48f8-109d-43c9-bfce-5430aeedbb3f');
insert into schedule_payment (id, date_payment, amount_payment, body_repayment, interest_repayment, offer_id) values ('0c3d1f74-033e-4208-8486-f11c2dc0ffaa', '2021-07-11', 12542, 10033.6, 2508.4, 'b31c9021-722b-461d-8934-3fc3afb9518f');
insert into schedule_payment (id, date_payment, amount_payment, body_repayment, interest_repayment, offer_id) values ('aea3ebb5-c495-420a-a111-b32c82ca1fc9', '2021-04-02', 14234, 11387.2, 2846.8, 'c3982c39-0eb1-4363-a0bd-0c1756b2dbd3');
insert into schedule_payment (id, date_payment, amount_payment, body_repayment, interest_repayment, offer_id) values ('efcb1eab-0c39-4460-8137-3ffb7a76f427', '2021-09-06', 9313, 7450.4, 1862.6, '7073a24a-a172-4a1f-9410-a690f43511b2');
insert into schedule_payment (id, date_payment, amount_payment, body_repayment, interest_repayment, offer_id) values ('84da9f1c-ab2e-4f55-b96a-59c94de43f48', '2020-11-02', 10546, 8436.8, 2109.2, 'ed0e2847-960a-4101-aa71-994814959244');
insert into schedule_payment (id, date_payment, amount_payment, body_repayment, interest_repayment, offer_id) values ('a4a7b4e0-0b12-4067-8c98-237470856ed3', '2021-06-05', 14864, 11891.2, 2972.8, '6116e37c-4a28-42f1-862f-a7ed96f65ecb');
insert into schedule_payment (id, date_payment, amount_payment, body_repayment, interest_repayment, offer_id) values ('2527025b-c1ea-4660-ae27-a3fd910485e1', '2021-03-02', 3597, 2877.6, 719.4, 'e93f8f93-a8b3-4fbe-87f6-f3976d49d17c');
insert into schedule_payment (id, date_payment, amount_payment, body_repayment, interest_repayment, offer_id) values ('18e76ef9-d9a7-4f31-9a7c-92278e4c6c7e', '2021-06-24', 10793, 8634.4, 2158.6, '510b8acb-863f-4ac3-9c1c-7573c8983fca');
insert into schedule_payment (id, date_payment, amount_payment, body_repayment, interest_repayment, offer_id) values ('c2105ec8-6f82-4a2e-88de-92897f7bdcf8', '2020-11-18', 14955, 11964, 2991, '6653e6a6-6b7a-4249-9aa1-40afd1b9ee77');
insert into schedule_payment (id, date_payment, amount_payment, body_repayment, interest_repayment, offer_id) values ('115a5aba-e2b4-42b6-bdfa-dcb0e90ae35a', '2020-11-04', 13480, 10784, 2696, '531ba920-e7c7-446a-9ad5-34d5ebabfa2e');
insert into schedule_payment (id, date_payment, amount_payment, body_repayment, interest_repayment, offer_id) values ('be8f7098-162a-4434-a55b-8b789a0419a7', '2020-12-10', 1471, 1176.8, 294.2, '3dcf708c-3400-4b47-b52a-cafe790997cd');
insert into schedule_payment (id, date_payment, amount_payment, body_repayment, interest_repayment, offer_id) values ('368b38cf-47a2-4d9b-a47c-160f16d2f0c5', '2021-06-04', 7868, 6294.4, 1573.6, '8a1e6156-6697-4927-9ff2-f5977a20781a');
insert into schedule_payment (id, date_payment, amount_payment, body_repayment, interest_repayment, offer_id) values ('77e743d4-819c-423c-9672-991e0f8e980c', '2020-09-26', 13878, 11102.4, 2775.6, '4ef89fb3-283e-46c8-be43-a5a1c8cb3848');
insert into schedule_payment (id, date_payment, amount_payment, body_repayment, interest_repayment, offer_id) values ('0b8d6c40-ae93-41bc-ac57-db4e8d5dd8cc', '2021-07-15', 5917, 4733.6, 1183.4, '9dfca2b0-3f64-4091-9d50-eb5d987eb1da');
insert into schedule_payment (id, date_payment, amount_payment, body_repayment, interest_repayment, offer_id) values ('69da1ce2-5858-4606-b9d5-f1c80a7d64bf', '2020-11-29', 6144, 4915.2, 1228.8, '1849bab0-4b95-4eb8-b2a2-4d51eed88c53');
insert into schedule_payment (id, date_payment, amount_payment, body_repayment, interest_repayment, offer_id) values ('942c0d09-38cd-4b67-817d-f818fc3d1914', '2021-04-11', 4099, 3279.2, 819.8, '10312530-4dd1-4c5f-bd36-cd7cd15b32a8');
insert into schedule_payment (id, date_payment, amount_payment, body_repayment, interest_repayment, offer_id) values ('408c58fa-c7b1-498a-8b56-d878acfb8c3c', '2021-02-01', 6312, 5049.6, 1262.4, 'c7d0f815-2067-4f73-ae26-130853f5e278');
insert into schedule_payment (id, date_payment, amount_payment, body_repayment, interest_repayment, offer_id) values ('4bdd9600-be61-40b1-9f13-7c2cf46d3faf', '2021-07-27', 3165, 2532, 633, 'ec3d66c8-de99-4d16-88ec-93343b39b8e2');
insert into schedule_payment (id, date_payment, amount_payment, body_repayment, interest_repayment, offer_id) values ('921cbe97-6719-4818-9860-10ec82d30a41', '2020-12-24', 14589, 11671.2, 2917.8, '7ee1a0fa-b2c3-4878-94aa-8202108de3f0');
insert into schedule_payment (id, date_payment, amount_payment, body_repayment, interest_repayment, offer_id) values ('517718af-2fcf-4235-9095-754ccb089630', '2021-04-08', 8968, 7174.4, 1793.6, 'ad201abd-f299-4a0b-af58-86ea06ee1f68');
insert into schedule_payment (id, date_payment, amount_payment, body_repayment, interest_repayment, offer_id) values ('38e40ad1-a330-49df-bf54-8d31d0ee2b74', '2021-01-15', 6772, 5417.6, 1354.4, 'af51fbd3-4e2e-490c-867d-7cc4ee0b99ff');
insert into schedule_payment (id, date_payment, amount_payment, body_repayment, interest_repayment, offer_id) values ('faf83aec-1654-4ee2-9484-3fddfacfccd8', '2021-08-16', 7180, 5744, 1436, 'ecc71c9c-d611-4140-ab9b-c3d8ac579bf3');
insert into schedule_payment (id, date_payment, amount_payment, body_repayment, interest_repayment, offer_id) values ('dcb2bd36-99a8-4e72-8c9a-c9ae2eacd4b1', '2021-05-19', 6863, 5490.4, 1372.6, 'e023c29f-6e8d-4cca-acb8-e5a787af691e');
insert into schedule_payment (id, date_payment, amount_payment, body_repayment, interest_repayment, offer_id) values ('501a21c8-0117-48f8-a2cd-553e0cd9352d', '2020-10-21', 6460, 5168, 1292, 'cf975447-5f7f-409a-b686-ca41fa11e63b');
insert into schedule_payment (id, date_payment, amount_payment, body_repayment, interest_repayment, offer_id) values ('3adb4c48-7224-4929-877a-6de93841ade6', '2021-01-15', 14378, 11502.4, 2875.6, '4a4fcc89-f641-4ec8-8947-bdca0edd6f19');
insert into schedule_payment (id, date_payment, amount_payment, body_repayment, interest_repayment, offer_id) values ('41daaa9c-8d78-43e7-b78d-1bc461bd52f9', '2020-10-05', 9967, 7973.6, 1993.4, '47ac794b-d861-4900-bf8c-8e5c317d683e');
insert into schedule_payment (id, date_payment, amount_payment, body_repayment, interest_repayment, offer_id) values ('a1f49006-931f-4d99-b4e0-6d94f390acf8', '2021-06-14', 1458, 1166.4, 291.6, 'f0939c23-c377-4d50-a0df-412655cdd46d');
insert into schedule_payment (id, date_payment, amount_payment, body_repayment, interest_repayment, offer_id) values ('1e3b3428-ebe1-43de-ae2f-f28b63ec7629', '2021-09-13', 2616, 2092.8, 523.2, '4e3d0164-9a9f-47c3-ac05-9ca6b8c2a967');
insert into schedule_payment (id, date_payment, amount_payment, body_repayment, interest_repayment, offer_id) values ('257d1ced-a990-495a-b259-620904490a45', '2021-08-16', 8582, 6865.6, 1716.4, '7bbf0a7c-46a6-42a3-aaac-b4733f1b9c2f');
insert into schedule_payment (id, date_payment, amount_payment, body_repayment, interest_repayment, offer_id) values ('0fbdcfdc-ba2e-4c1d-a617-2800789b4a3f', '2021-04-17', 3873, 3098.4, 774.6, 'e7936c09-eb4f-4c67-9789-ee7b8ceaf5b8');
insert into schedule_payment (id, date_payment, amount_payment, body_repayment, interest_repayment, offer_id) values ('1d95db8f-a597-449b-93e8-25f7b999b544', '2020-09-26', 12285, 9828, 2457, 'f2fce4b4-368d-41aa-a970-ef3717c1173b');
insert into schedule_payment (id, date_payment, amount_payment, body_repayment, interest_repayment, offer_id) values ('f9fb32db-733f-447d-8344-b0cd293cbd39', '2021-01-23', 2436, 1948.8, 487.2, '2bfbe4ab-2d02-478e-8ff5-fd415552fa09');
insert into schedule_payment (id, date_payment, amount_payment, body_repayment, interest_repayment, offer_id) values ('c76c67d0-c736-4e29-96cc-e009915cb6e8', '2021-09-16', 11404, 9123.2, 2280.8, '4999e3cf-2d28-45ac-ada2-50ef0ba1e8fe');
insert into schedule_payment (id, date_payment, amount_payment, body_repayment, interest_repayment, offer_id) values ('36a4eea6-e451-40eb-8dd6-3c00307d8fab', '2020-10-28', 5762, 4609.6, 1152.4, '078e590a-6099-4e75-843e-567bc083f9c6');
insert into schedule_payment (id, date_payment, amount_payment, body_repayment, interest_repayment, offer_id) values ('e5155367-1cf2-4940-9f4a-93863a65f2de', '2020-12-10', 8146, 6516.8, 1629.2, '5d7532f9-57a2-4c0e-8259-48eec51bafa8');
insert into schedule_payment (id, date_payment, amount_payment, body_repayment, interest_repayment, offer_id) values ('1dcae9a1-2c86-431c-867b-6ecb5f348da6', '2021-09-01', 6978, 5582.4, 1395.6, 'c1927662-2efc-40a5-8ab3-c018e4f4724f');
insert into schedule_payment (id, date_payment, amount_payment, body_repayment, interest_repayment, offer_id) values ('07ad2d73-80a6-4ed9-9656-fd7df8cf696b', '2021-08-29', 3552, 2841.6, 710.4, 'c614b249-3741-46b8-8c0f-ad1c30c299ef');
insert into schedule_payment (id, date_payment, amount_payment, body_repayment, interest_repayment, offer_id) values ('3210c47c-09df-41eb-8e79-632201064592', '2021-04-05', 12406, 9924.8, 2481.2, '1ffd97c2-47b2-420c-9872-2250cce0dff5');
insert into schedule_payment (id, date_payment, amount_payment, body_repayment, interest_repayment, offer_id) values ('8fa8c83d-458b-440a-89c1-b95a04760815', '2021-05-17', 2124, 1699.2, 424.8, 'a6b9606a-5623-4bc5-9c50-37f34f118e09');
insert into schedule_payment (id, date_payment, amount_payment, body_repayment, interest_repayment, offer_id) values ('ae5eccbc-5597-4026-abb6-6eedb363dffd', '2020-10-11', 6348, 5078.4, 1269.6, '6e79a033-2b37-49fb-a6a2-36c9d5d2fc4e');
insert into schedule_payment (id, date_payment, amount_payment, body_repayment, interest_repayment, offer_id) values ('eab91aa6-b5f9-47d2-bf37-0cb34a04dfd8', '2020-11-24', 8996, 7196.8, 1799.2, '85e27074-e6c1-4893-92c2-057816ea0b85');
insert into schedule_payment (id, date_payment, amount_payment, body_repayment, interest_repayment, offer_id) values ('4732809c-aad4-4d7e-a144-59950ca1c062', '2021-05-01', 1430, 1144, 286, '2057a8a1-2225-404d-a94c-df98121d5388');
insert into schedule_payment (id, date_payment, amount_payment, body_repayment, interest_repayment, offer_id) values ('8460ff10-3c06-47ac-a12c-ea08d82cce23', '2021-04-22', 12843, 10274.4, 2568.6, '9c5c0f08-6c4a-4578-8059-fbd9eb0a519a');
insert into schedule_payment (id, date_payment, amount_payment, body_repayment, interest_repayment, offer_id) values ('f9741d64-be71-4033-affc-30fd13e2565c', '2021-05-12', 12769, 10215.2, 2553.8, 'e694b6b5-d683-461c-ab95-cc8d1ff37a49');
insert into schedule_payment (id, date_payment, amount_payment, body_repayment, interest_repayment, offer_id) values ('f31cde0b-81ad-4375-b443-38ef5329045a', '2021-02-03', 5091, 4072.8, 1018.2, '5944d9dd-95ab-44f2-819a-98e12aef1885');
insert into schedule_payment (id, date_payment, amount_payment, body_repayment, interest_repayment, offer_id) values ('beb1ea5f-dd66-481f-946d-38d8cb207f3e', '2020-11-25', 2344, 1875.2, 468.8, 'b1b84857-8bd2-4d31-b79a-372049e45a4b');
insert into schedule_payment (id, date_payment, amount_payment, body_repayment, interest_repayment, offer_id) values ('85aa080e-3e33-4933-b713-138e91524b27', '2021-01-06', 13545, 10836, 2709, '7e3af022-4333-4cf3-bda9-144169f5798a');
insert into schedule_payment (id, date_payment, amount_payment, body_repayment, interest_repayment, offer_id) values ('9e9b341d-938d-472b-88f3-062a7fb588d9', '2021-08-30', 2684, 2147.2, 536.8, '5e86b3dc-43b1-4843-98d3-bd31f3854eae');
insert into schedule_payment (id, date_payment, amount_payment, body_repayment, interest_repayment, offer_id) values ('4aebb7d1-f1e5-4be7-af98-2b2ed7d452ba', '2021-04-18', 13854, 11083.2, 2770.8, '4523a068-7eae-44ac-ae62-5f8d479ad079');
insert into schedule_payment (id, date_payment, amount_payment, body_repayment, interest_repayment, offer_id) values ('982cfe5e-9200-4f93-8f2a-ae8ed860ef05', '2021-08-25', 7249, 5799.2, 1449.8, '9fa1a9de-a99a-43ff-be5c-1ea5224dbd0d');
insert into schedule_payment (id, date_payment, amount_payment, body_repayment, interest_repayment, offer_id) values ('b00730ee-4d59-4978-b34d-937245dd66e3', '2020-10-09', 3197, 2557.6, 639.4, '362d5e6f-bc50-42b1-945d-b913ea8364db');
insert into schedule_payment (id, date_payment, amount_payment, body_repayment, interest_repayment, offer_id) values ('05fd3eee-26e5-475e-b9f7-5156e990f147', '2021-01-04', 4143, 3314.4, 828.6, '39c6da5b-8270-4384-a95b-f2263509b311');
insert into schedule_payment (id, date_payment, amount_payment, body_repayment, interest_repayment, offer_id) values ('175d6de0-7b4e-408a-9f4d-ce83782d4e21', '2020-10-28', 9641, 7712.8, 1928.2, '0150f011-1641-485a-ba33-523b6f6468da');
insert into schedule_payment (id, date_payment, amount_payment, body_repayment, interest_repayment, offer_id) values ('66905df2-b1f6-4d5b-9706-0c78189e140b', '2020-12-16', 8790, 7032, 1758, 'b8e93c28-6069-4214-b7d0-595c6e5909a9');
insert into schedule_payment (id, date_payment, amount_payment, body_repayment, interest_repayment, offer_id) values ('040f411b-17e0-4033-abc5-921c41fd26a4', '2021-03-03', 1433, 1146.4, 286.6, '0f7eb937-ec1c-4e45-a6c4-5d08c2f8ef0f');
insert into schedule_payment (id, date_payment, amount_payment, body_repayment, interest_repayment, offer_id) values ('e2dee78b-ddb8-4346-92a3-b4e751ab61ff', '2020-12-28', 14829, 11863.2, 2965.8, '1ce9f264-6c19-4628-a4f2-e2c6c8d03db8');
insert into schedule_payment (id, date_payment, amount_payment, body_repayment, interest_repayment, offer_id) values ('8614c0ba-5158-49d3-a757-a2047c307766', '2021-06-06', 8324, 6659.2, 1664.8, '0e1344ca-24cf-416d-ba3f-e92e443dbb2a');
insert into schedule_payment (id, date_payment, amount_payment, body_repayment, interest_repayment, offer_id) values ('2c8b5a0f-0b7b-4fba-8997-d9cbf25799f8', '2021-02-25', 8009, 6407.2, 1601.8, '924ad5cd-4941-4e83-9dea-7faf3dbba05e');
insert into schedule_payment (id, date_payment, amount_payment, body_repayment, interest_repayment, offer_id) values ('4b446801-131d-44f9-9667-109995792ad1', '2021-03-10', 5371, 4296.8, 1074.2, '221c8d8e-a079-427b-9325-76c0955d8d28');
insert into schedule_payment (id, date_payment, amount_payment, body_repayment, interest_repayment, offer_id) values ('9eff75e0-33c9-4638-a091-7e44e3f85389', '2021-02-23', 3817, 3053.6, 763.4, '69708f5b-6adc-4b38-9f57-782aea4a802a');
insert into schedule_payment (id, date_payment, amount_payment, body_repayment, interest_repayment, offer_id) values ('b6f7d322-0312-42e1-a18d-690fb03f085b', '2021-06-11', 8942, 7153.6, 1788.4, '989214d4-f99a-4ad3-8bf9-06229332b37d');
insert into schedule_payment (id, date_payment, amount_payment, body_repayment, interest_repayment, offer_id) values ('1e188fcf-769f-480b-8e70-e93f3e5f1fab', '2020-12-11', 5456, 4364.8, 1091.2, '32bd32a2-6f4e-4e8f-8a12-24285354362a');
insert into schedule_payment (id, date_payment, amount_payment, body_repayment, interest_repayment, offer_id) values ('74b66fcf-cd69-48dd-81a2-c59e530dc72b', '2021-02-10', 3195, 2556, 639, '3199dff1-2f65-4b65-8678-0817cc334eb5');
insert into schedule_payment (id, date_payment, amount_payment, body_repayment, interest_repayment, offer_id) values ('4db9c81b-02cc-43bc-ae4c-88302b56a7a7', '2021-02-20', 1477, 1181.6, 295.4, '4d918185-e965-4f80-a26b-7793f2d8ced4');
insert into schedule_payment (id, date_payment, amount_payment, body_repayment, interest_repayment, offer_id) values ('9ec00599-e8b2-4cb7-9cfc-fbfd3d81739e', '2021-05-08', 11324, 9059.2, 2264.8, '6cb75357-ad45-4dd3-b74b-30813bbfa2ef');
insert into schedule_payment (id, date_payment, amount_payment, body_repayment, interest_repayment, offer_id) values ('537d740b-d640-461d-a27d-ababb1f2ae16', '2020-10-01', 7093, 5674.4, 1418.6, '9aa898a5-8dbb-410f-acc5-f627e0380547');
insert into schedule_payment (id, date_payment, amount_payment, body_repayment, interest_repayment, offer_id) values ('fa681707-8a9e-48ee-baa9-b5c03b4cc86e', '2020-11-26', 7301, 5840.8, 1460.2, '4d6db957-db57-40c1-aed1-26c666461277');
insert into schedule_payment (id, date_payment, amount_payment, body_repayment, interest_repayment, offer_id) values ('4219ce59-585c-4238-a259-2aaef250129d', '2020-09-23', 2700, 2160, 540, 'db181a09-dcac-44f1-85f6-33f4ece5f4cd');
insert into schedule_payment (id, date_payment, amount_payment, body_repayment, interest_repayment, offer_id) values ('1e4af5e3-d9ff-4c55-b529-89b34a01989d', '2020-11-29', 11101, 8880.8, 2220.2, '560d116a-439a-4741-a7e5-2ce158e79767');
insert into schedule_payment (id, date_payment, amount_payment, body_repayment, interest_repayment, offer_id) values ('01feb0f1-8c25-420d-a147-0cfbebd08d74', '2021-05-31', 9763, 7810.4, 1952.6, '59c404c8-08e7-42e0-a26b-e7b90cfbd920');
insert into schedule_payment (id, date_payment, amount_payment, body_repayment, interest_repayment, offer_id) values ('2fe509a8-6898-4b84-a839-7624194f6d29', '2021-06-20', 5117, 4093.6, 1023.4, 'fa7e480b-db24-4d61-9b8c-2cf2e57defb0');
insert into schedule_payment (id, date_payment, amount_payment, body_repayment, interest_repayment, offer_id) values ('6776a476-a2ad-48da-84c5-4310f206db11', '2021-03-31', 7872, 6297.6, 1574.4, 'cce77a54-24ea-43ef-993b-ab11cb654583');
insert into schedule_payment (id, date_payment, amount_payment, body_repayment, interest_repayment, offer_id) values ('b05b0a78-8604-4d23-8f06-6e2be4d7a394', '2020-11-07', 6732, 5385.6, 1346.4, 'fe3990f3-fdc9-4a68-af2c-c08c7c9e3a25');
insert into schedule_payment (id, date_payment, amount_payment, body_repayment, interest_repayment, offer_id) values ('1c468cf2-b805-4584-875b-2bd5410fed5a', '2020-12-15', 4664, 3731.2, 932.8, '9840728c-75d0-4f87-8031-42afda9dcff2');
insert into schedule_payment (id, date_payment, amount_payment, body_repayment, interest_repayment, offer_id) values ('a3c8780b-11c8-4a06-aef0-f80550301c5a', '2021-09-09', 7580, 6064, 1516, '338c8b24-d2d1-44cf-90b4-d460e3c6ac84');
insert into schedule_payment (id, date_payment, amount_payment, body_repayment, interest_repayment, offer_id) values ('0f486112-f8bd-4d0c-adae-db20ada6013e', '2021-01-23', 12218, 9774.4, 2443.6, '4f8d670c-a5c2-423f-8121-a5fb8ebd3715');
insert into schedule_payment (id, date_payment, amount_payment, body_repayment, interest_repayment, offer_id) values ('670f6411-1706-455e-a3ee-f3a27738885a', '2021-04-20', 13484, 10787.2, 2696.8, '7c5ac0ee-fc5d-4c87-bc6f-53fedd36328c');
insert into schedule_payment (id, date_payment, amount_payment, body_repayment, interest_repayment, offer_id) values ('27d2d326-e7f1-4b37-9271-ade10fa056e9', '2021-01-10', 9877, 7901.6, 1975.4, '9b3422d1-c6f2-41b6-8a19-4e3b70699b0a');
insert into schedule_payment (id, date_payment, amount_payment, body_repayment, interest_repayment, offer_id) values ('936d4ff4-d851-4936-a137-056acbb957af', '2021-08-19', 1123, 898.4, 224.6, '6f7a9260-d1ac-4359-ba5c-9d36b5c60b43');
insert into schedule_payment (id, date_payment, amount_payment, body_repayment, interest_repayment, offer_id) values ('6186987f-635c-4ef2-9508-06de36c1945f', '2021-04-19', 1663, 1330.4, 332.6, '87a01b5c-a7ad-4647-868c-df46125781a3');
insert into schedule_payment (id, date_payment, amount_payment, body_repayment, interest_repayment, offer_id) values ('b4d2eaac-e286-4a52-ac75-8e99020e4bc0', '2020-10-01', 14139, 11311.2, 2827.8, '11d8de38-9f4e-4726-a5f7-f7c5fc235d30');

